"initial_alias","converted_alias","name","description","namespace"
"16","AARS1","AARS1","alanyl-tRNA synthetase 1 [Source:HGNC Symbol;Acc:HGNC:20]","ENTREZGENE_ACC"
"23","ABCF1","ABCF1","ATP binding cassette subfamily F member 1 [Source:HGNC Symbol;Acc:HGNC:70]","ENTREZGENE_ACC"
"25","ABL1","ABL1","ABL proto-oncogene 1, non-receptor tyrosine kinase [Source:HGNC Symbol;Acc:HGNC:76]","ENTREZGENE_ACC"
"30","ACAA1","ACAA1","acetyl-CoA acyltransferase 1 [Source:HGNC Symbol;Acc:HGNC:82]","ENTREZGENE_ACC"
"47","ACLY","ACLY","ATP citrate lyase [Source:HGNC Symbol;Acc:HGNC:115]","ENTREZGENE_ACC"
"102","ADAM10","ADAM10","ADAM metallopeptidase domain 10 [Source:HGNC Symbol;Acc:HGNC:188]","ENTREZGENE_ACC"
"128","ADH5","ADH5","alcohol dehydrogenase 5 (class III), chi polypeptide [Source:HGNC Symbol;Acc:HGNC:253]","ENTREZGENE_ACC"
"142","PARP1","PARP1","poly(ADP-ribose) polymerase 1 [Source:HGNC Symbol;Acc:HGNC:270]","ENTREZGENE_ACC"
"154","ADRB2","ADRB2","adrenoceptor beta 2 [Source:HGNC Symbol;Acc:HGNC:286]","ENTREZGENE_ACC"
"178","AGL","AGL","amylo-alpha-1, 6-glucosidase, 4-alpha-glucanotransferase [Source:HGNC Symbol;Acc:HGNC:321]","ENTREZGENE_ACC"
"207","AKT1","AKT1","AKT serine/threonine kinase 1 [Source:HGNC Symbol;Acc:HGNC:391]","ENTREZGENE_ACC"
"211","ALAS1","ALAS1","5'-aminolevulinate synthase 1 [Source:HGNC Symbol;Acc:HGNC:396]","ENTREZGENE_ACC"
"226","ALDOA","ALDOA","aldolase, fructose-bisphosphate A [Source:HGNC Symbol;Acc:HGNC:414]","ENTREZGENE_ACC"
"230","ALDOC","ALDOC","aldolase, fructose-bisphosphate C [Source:HGNC Symbol;Acc:HGNC:418]","ENTREZGENE_ACC"
"291","SLC25A4","SLC25A4","solute carrier family 25 member 4 [Source:HGNC Symbol;Acc:HGNC:10990]","ENTREZGENE_ACC"
"310","ANXA7","ANXA7","annexin A7 [Source:HGNC Symbol;Acc:HGNC:545]","ENTREZGENE_ACC"
"323","APBB2","APBB2","amyloid beta precursor protein binding family B member 2 [Source:HGNC Symbol;Acc:HGNC:582]","ENTREZGENE_ACC"
"329","BIRC2","BIRC2","baculoviral IAP repeat containing 2 [Source:HGNC Symbol;Acc:HGNC:590]","ENTREZGENE_ACC"
"348","APOE","APOE","apolipoprotein E [Source:HGNC Symbol;Acc:HGNC:613]","ENTREZGENE_ACC"
"351","APP","APP","amyloid beta precursor protein [Source:HGNC Symbol;Acc:HGNC:620]","ENTREZGENE_ACC"
"355","FAS","FAS","Fas cell surface death receptor [Source:HGNC Symbol;Acc:HGNC:11920]","ENTREZGENE_ACC"
"387","RHOA","RHOA","ras homolog family member A [Source:HGNC Symbol;Acc:HGNC:667]","ENTREZGENE_ACC"
"427","ASAH1","ASAH1","N-acylsphingosine amidohydrolase 1 [Source:HGNC Symbol;Acc:HGNC:735]","ENTREZGENE_ACC"
"481","ATP1B1","ATP1B1","ATPase Na+/K+ transporting subunit beta 1 [Source:HGNC Symbol;Acc:HGNC:804]","ENTREZGENE_ACC"
"501","ALDH7A1","ALDH7A1","aldehyde dehydrogenase 7 family member A1 [Source:HGNC Symbol;Acc:HGNC:877]","ENTREZGENE_ACC"
"533","ATP6V0B","ATP6V0B","ATPase H+ transporting V0 subunit b [Source:HGNC Symbol;Acc:HGNC:861]","ENTREZGENE_ACC"
"572","BAD","BAD","BCL2 associated agonist of cell death [Source:HGNC Symbol;Acc:HGNC:936]","ENTREZGENE_ACC"
"581","BAX","BAX","BCL2 associated X, apoptosis regulator [Source:HGNC Symbol;Acc:HGNC:959]","ENTREZGENE_ACC"
"595","CCND1","CCND1","cyclin D1 [Source:HGNC Symbol;Acc:HGNC:1582]","ENTREZGENE_ACC"
"596","BCL2","BCL2","BCL2 apoptosis regulator [Source:HGNC Symbol;Acc:HGNC:990]","ENTREZGENE_ACC"
"622","BDH1","BDH1","3-hydroxybutyrate dehydrogenase 1 [Source:HGNC Symbol;Acc:HGNC:1027]","ENTREZGENE_ACC"
"637","BID","BID","BH3 interacting domain death agonist [Source:HGNC Symbol;Acc:HGNC:1050]","ENTREZGENE_ACC"
"642","BLMH","BLMH","bleomycin hydrolase [Source:HGNC Symbol;Acc:HGNC:1059]","ENTREZGENE_ACC"
"652","BMP4","BMP4","bone morphogenetic protein 4 [Source:HGNC Symbol;Acc:HGNC:1071]","ENTREZGENE_ACC"
"664","BNIP3","BNIP3","BCL2 interacting protein 3 [Source:HGNC Symbol;Acc:HGNC:1084]","ENTREZGENE_ACC"
"670","BPHL","BPHL","biphenyl hydrolase like [Source:HGNC Symbol;Acc:HGNC:1094]","ENTREZGENE_ACC"
"672","BRCA1","BRCA1","BRCA1 DNA repair associated [Source:HGNC Symbol;Acc:HGNC:1100]","ENTREZGENE_ACC"
"701","BUB1B","BUB1B","BUB1 mitotic checkpoint serine/threonine kinase B [Source:HGNC Symbol;Acc:HGNC:1149]","ENTREZGENE_ACC"
"727","C5","C5","complement C5 [Source:HGNC Symbol;Acc:HGNC:1331]","ENTREZGENE_ACC"
"780","DDR1","DDR1","discoidin domain receptor tyrosine kinase 1 [Source:HGNC Symbol;Acc:HGNC:2730]","ENTREZGENE_ACC"
"813","CALU","CALU","calumenin [Source:HGNC Symbol;Acc:HGNC:1458]","ENTREZGENE_ACC"
"823","CAPN1","CAPN1","calpain 1 [Source:HGNC Symbol;Acc:HGNC:1476]","ENTREZGENE_ACC"
"831","CAST","CAST","calpastatin [Source:HGNC Symbol;Acc:HGNC:1515]","ENTREZGENE_ACC"
"835","CASP2","CASP2","caspase 2 [Source:HGNC Symbol;Acc:HGNC:1503]","ENTREZGENE_ACC"
"836","CASP3","CASP3","caspase 3 [Source:HGNC Symbol;Acc:HGNC:1504]","ENTREZGENE_ACC"
"840","CASP7","CASP7","caspase 7 [Source:HGNC Symbol;Acc:HGNC:1508]","ENTREZGENE_ACC"
"843","CASP10","CASP10","caspase 10 [Source:HGNC Symbol;Acc:HGNC:1500]","ENTREZGENE_ACC"
"847","CAT","CAT","catalase [Source:HGNC Symbol;Acc:HGNC:1516]","ENTREZGENE_ACC"
"868","CBLB","CBLB","Cbl proto-oncogene B [Source:HGNC Symbol;Acc:HGNC:1542]","ENTREZGENE_ACC"
"873","CBR1","CBR1","carbonyl reductase 1 [Source:HGNC Symbol;Acc:HGNC:1548]","ENTREZGENE_ACC"
"890","CCNA2","CCNA2","cyclin A2 [Source:HGNC Symbol;Acc:HGNC:1578]","ENTREZGENE_ACC"
"896","CCND3","CCND3","cyclin D3 [Source:HGNC Symbol;Acc:HGNC:1585]","ENTREZGENE_ACC"
"899","CCNF","CCNF","cyclin F [Source:HGNC Symbol;Acc:HGNC:1591]","ENTREZGENE_ACC"
"949","SCARB1","SCARB1","scavenger receptor class B member 1 [Source:HGNC Symbol;Acc:HGNC:1664]","ENTREZGENE_ACC"
"958","CD40","CD40","CD40 molecule [Source:HGNC Symbol;Acc:HGNC:11919]","ENTREZGENE_ACC"
"960","CD44","CD44","CD44 molecule (Indian blood group) [Source:HGNC Symbol;Acc:HGNC:1681]","ENTREZGENE_ACC"
"965","CD58","CD58","CD58 molecule [Source:HGNC Symbol;Acc:HGNC:1688]","ENTREZGENE_ACC"
"976","ADGRE5","ADGRE5","adhesion G protein-coupled receptor E5 [Source:HGNC Symbol;Acc:HGNC:1711]","ENTREZGENE_ACC"
"991","CDC20","CDC20","cell division cycle 20 [Source:HGNC Symbol;Acc:HGNC:1723]","ENTREZGENE_ACC"
"993","CDC25A","CDC25A","cell division cycle 25A [Source:HGNC Symbol;Acc:HGNC:1725]","ENTREZGENE_ACC"
"994","CDC25B","CDC25B","cell division cycle 25B [Source:HGNC Symbol;Acc:HGNC:1726]","ENTREZGENE_ACC"
"998","CDC42","CDC42","cell division cycle 42 [Source:HGNC Symbol;Acc:HGNC:1736]","ENTREZGENE_ACC"
"1001","CDH3","CDH3","cadherin 3 [Source:HGNC Symbol;Acc:HGNC:1762]","ENTREZGENE_ACC"
"1017","CDK2","CDK2","cyclin dependent kinase 2 [Source:HGNC Symbol;Acc:HGNC:1771]","ENTREZGENE_ACC"
"1021","CDK6","CDK6","cyclin dependent kinase 6 [Source:HGNC Symbol;Acc:HGNC:1777]","ENTREZGENE_ACC"
"1026","CDKN1A","CDKN1A","cyclin dependent kinase inhibitor 1A [Source:HGNC Symbol;Acc:HGNC:1784]","ENTREZGENE_ACC"
"1027","CDKN1B","CDKN1B","cyclin dependent kinase inhibitor 1B [Source:HGNC Symbol;Acc:HGNC:1785]","ENTREZGENE_ACC"
"1029","CDKN2A","CDKN2A","cyclin dependent kinase inhibitor 2A [Source:HGNC Symbol;Acc:HGNC:1787]","ENTREZGENE_ACC"
"1050","CEBPA","CEBPA","CCAAT enhancer binding protein alpha [Source:HGNC Symbol;Acc:HGNC:1833]","ENTREZGENE_ACC"
"1052","CEBPD","CEBPD","CCAAT enhancer binding protein delta [Source:HGNC Symbol;Acc:HGNC:1835]","ENTREZGENE_ACC"
"1062","CENPE","CENPE","centromere protein E [Source:HGNC Symbol;Acc:HGNC:1856]","ENTREZGENE_ACC"
"1070","CETN3","CETN3","centrin 3 [Source:HGNC Symbol;Acc:HGNC:1868]","ENTREZGENE_ACC"
"1111","CHEK1","CHEK1","checkpoint kinase 1 [Source:HGNC Symbol;Acc:HGNC:1925]","ENTREZGENE_ACC"
"1153","CIRBP","CIRBP","cold inducible RNA binding protein [Source:HGNC Symbol;Acc:HGNC:1982]","ENTREZGENE_ACC"
"1212","CLTB","CLTB","clathrin light chain B [Source:HGNC Symbol;Acc:HGNC:2091]","ENTREZGENE_ACC"
"1277","COL1A1","COL1A1","collagen type I alpha 1 chain [Source:HGNC Symbol;Acc:HGNC:2197]","ENTREZGENE_ACC"
"1385","CREB1","CREB1","cAMP responsive element binding protein 1 [Source:HGNC Symbol;Acc:HGNC:2345]","ENTREZGENE_ACC"
"1398","CRK","CRK","CRK proto-oncogene, adaptor protein [Source:HGNC Symbol;Acc:HGNC:2362]","ENTREZGENE_ACC"
"1429","CRYZ","CRYZ","crystallin zeta [Source:HGNC Symbol;Acc:HGNC:2419]","ENTREZGENE_ACC"
"1445","CSK","CSK","C-terminal Src kinase [Source:HGNC Symbol;Acc:HGNC:2444]","ENTREZGENE_ACC"
"1452","CSNK1A1","CSNK1A1","casein kinase 1 alpha 1 [Source:HGNC Symbol;Acc:HGNC:2451]","ENTREZGENE_ACC"
"1454","CSNK1E","CSNK1E","casein kinase 1 epsilon [Source:HGNC Symbol;Acc:HGNC:2453]","ENTREZGENE_ACC"
"1465","CSRP1","CSRP1","cysteine and glycine rich protein 1 [Source:HGNC Symbol;Acc:HGNC:2469]","ENTREZGENE_ACC"
"1500","CTNND1","CTNND1","catenin delta 1 [Source:HGNC Symbol;Acc:HGNC:2515]","ENTREZGENE_ACC"
"1509","CTSD","CTSD","cathepsin D [Source:HGNC Symbol;Acc:HGNC:2529]","ENTREZGENE_ACC"
"1514","CTSL","CTSL","cathepsin L [Source:HGNC Symbol;Acc:HGNC:2537]","ENTREZGENE_ACC"
"1534","CYB561","CYB561","cytochrome b561 [Source:HGNC Symbol;Acc:HGNC:2571]","ENTREZGENE_ACC"
"1605","DAG1","DAG1","dystroglycan 1 [Source:HGNC Symbol;Acc:HGNC:2666]","ENTREZGENE_ACC"
"1616","DAXX","DAXX","death domain associated protein [Source:HGNC Symbol;Acc:HGNC:2681]","ENTREZGENE_ACC"
"1616","SMIM40","DAXX","death domain associated protein [Source:HGNC Symbol;Acc:HGNC:2681]","ENTREZGENE_ACC"
"1635","DCTD","DCTD","dCMP deaminase [Source:HGNC Symbol;Acc:HGNC:2710]","ENTREZGENE_ACC"
"1643","DDB2","DDB2","damage specific DNA binding protein 2 [Source:HGNC Symbol;Acc:HGNC:2718]","ENTREZGENE_ACC"
"1647","GADD45A","GADD45A","growth arrest and DNA damage inducible alpha [Source:HGNC Symbol;Acc:HGNC:4095]","ENTREZGENE_ACC"
"1662","DDX10","DDX10","DEAD-box helicase 10 [Source:HGNC Symbol;Acc:HGNC:2735]","ENTREZGENE_ACC"
"1666","DECR1","DECR1","2,4-dienoyl-CoA reductase 1 [Source:HGNC Symbol;Acc:HGNC:2753]","ENTREZGENE_ACC"
"1677","DFFB","DFFB","DNA fragmentation factor subunit beta [Source:HGNC Symbol;Acc:HGNC:2773]","ENTREZGENE_ACC"
"1759","DNM1","DNM1","dynamin 1 [Source:HGNC Symbol;Acc:HGNC:2972]","ENTREZGENE_ACC"
"1786","DNMT1","DNMT1","DNA methyltransferase 1 [Source:HGNC Symbol;Acc:HGNC:2976]","ENTREZGENE_ACC"
"1788","DNMT3A","DNMT3A","DNA methyltransferase 3 alpha [Source:HGNC Symbol;Acc:HGNC:2978]","ENTREZGENE_ACC"
"1802","DPH2","DPH2","diphthamide biosynthesis 2 [Source:HGNC Symbol;Acc:HGNC:3004]","ENTREZGENE_ACC"
"1829","DSG2","DSG2","desmoglein 2 [Source:HGNC Symbol;Acc:HGNC:3049]","ENTREZGENE_ACC"
"1831","TSC22D3","TSC22D3","TSC22 domain family member 3 [Source:HGNC Symbol;Acc:HGNC:3051]","ENTREZGENE_ACC"
"1845","DUSP3","DUSP3","dual specificity phosphatase 3 [Source:HGNC Symbol;Acc:HGNC:3069]","ENTREZGENE_ACC"
"1846","DUSP4","DUSP4","dual specificity phosphatase 4 [Source:HGNC Symbol;Acc:HGNC:3070]","ENTREZGENE_ACC"
"1861","TOR1A","TOR1A","torsin family 1 member A [Source:HGNC Symbol;Acc:HGNC:3098]","ENTREZGENE_ACC"
"1870","E2F2","E2F2","E2F transcription factor 2 [Source:HGNC Symbol;Acc:HGNC:3114]","ENTREZGENE_ACC"
"1891","ECH1","ECH1","enoyl-CoA hydratase 1 [Source:HGNC Symbol;Acc:HGNC:3149]","ENTREZGENE_ACC"
"1906","EDN1","EDN1","endothelin 1 [Source:HGNC Symbol;Acc:HGNC:3176]","ENTREZGENE_ACC"
"1956","EGFR","EGFR","epidermal growth factor receptor [Source:HGNC Symbol;Acc:HGNC:3236]","ENTREZGENE_ACC"
"1978","EIF4EBP1","EIF4EBP1","eukaryotic translation initiation factor 4E binding protein 1 [Source:HGNC Symbol;Acc:HGNC:3288]","ENTREZGENE_ACC"
"1981","EIF4G1","EIF4G1","eukaryotic translation initiation factor 4 gamma 1 [Source:HGNC Symbol;Acc:HGNC:3296]","ENTREZGENE_ACC"
"1983","EIF5","EIF5","eukaryotic translation initiation factor 5 [Source:HGNC Symbol;Acc:HGNC:3299]","ENTREZGENE_ACC"
"1994","ELAVL1","ELAVL1","ELAV like RNA binding protein 1 [Source:HGNC Symbol;Acc:HGNC:3312]","ENTREZGENE_ACC"
"2037","EPB41L2","EPB41L2","erythrocyte membrane protein band 4.1 like 2 [Source:HGNC Symbol;Acc:HGNC:3379]","ENTREZGENE_ACC"
"2042","EPHA3","EPHA3","EPH receptor A3 [Source:HGNC Symbol;Acc:HGNC:3387]","ENTREZGENE_ACC"
"2048","EPHB2","EPHB2","EPH receptor B2 [Source:HGNC Symbol;Acc:HGNC:3393]","ENTREZGENE_ACC"
"2063","NR2F6","NR2F6","nuclear receptor subfamily 2 group F member 6 [Source:HGNC Symbol;Acc:HGNC:7977]","ENTREZGENE_ACC"
"2064","ERBB2","ERBB2","erb-b2 receptor tyrosine kinase 2 [Source:HGNC Symbol;Acc:HGNC:3430]","ENTREZGENE_ACC"
"2065","ERBB3","ERBB3","erb-b2 receptor tyrosine kinase 3 [Source:HGNC Symbol;Acc:HGNC:3431]","ENTREZGENE_ACC"
"2109","ETFB","ETFB","electron transfer flavoprotein subunit beta [Source:HGNC Symbol;Acc:HGNC:3482]","ENTREZGENE_ACC"
"2115","ETV1","ETV1","ETS variant transcription factor 1 [Source:HGNC Symbol;Acc:HGNC:3490]","ENTREZGENE_ACC"
"2131","EXT1","EXT1","exostosin glycosyltransferase 1 [Source:HGNC Symbol;Acc:HGNC:3512]","ENTREZGENE_ACC"
"2146","EZH2","EZH2","enhancer of zeste 2 polycomb repressive complex 2 subunit [Source:HGNC Symbol;Acc:HGNC:3527]","ENTREZGENE_ACC"
"2184","FAH","FAH","fumarylacetoacetate hydrolase [Source:HGNC Symbol;Acc:HGNC:3579]","ENTREZGENE_ACC"
"2185","PTK2B","PTK2B","protein tyrosine kinase 2 beta [Source:HGNC Symbol;Acc:HGNC:9612]","ENTREZGENE_ACC"
"2195","FAT1","FAT1","FAT atypical cadherin 1 [Source:HGNC Symbol;Acc:HGNC:3595]","ENTREZGENE_ACC"
"2222","FDFT1","FDFT1","farnesyl-diphosphate farnesyltransferase 1 [Source:HGNC Symbol;Acc:HGNC:3629]","ENTREZGENE_ACC"
"2263","FGFR2","FGFR2","fibroblast growth factor receptor 2 [Source:HGNC Symbol;Acc:HGNC:3689]","ENTREZGENE_ACC"
"2264","FGFR4","FGFR4","fibroblast growth factor receptor 4 [Source:HGNC Symbol;Acc:HGNC:3691]","ENTREZGENE_ACC"
"2274","FHL2","FHL2","four and a half LIM domains 2 [Source:HGNC Symbol;Acc:HGNC:3703]","ENTREZGENE_ACC"
"2288","FKBP4","FKBP4","FKBP prolyl isomerase 4 [Source:HGNC Symbol;Acc:HGNC:3720]","ENTREZGENE_ACC"
"2309","FOXO3","FOXO3","forkhead box O3 [Source:HGNC Symbol;Acc:HGNC:3821]","ENTREZGENE_ACC"
"2353","FOS","FOS","Fos proto-oncogene, AP-1 transcription factor subunit [Source:HGNC Symbol;Acc:HGNC:3796]","ENTREZGENE_ACC"
"2523","FUT1","FUT1","fucosyltransferase 1 (H blood group) [Source:HGNC Symbol;Acc:HGNC:4012]","ENTREZGENE_ACC"
"2534","FYN","FYN","FYN proto-oncogene, Src family tyrosine kinase [Source:HGNC Symbol;Acc:HGNC:4037]","ENTREZGENE_ACC"
"2542","SLC37A4","SLC37A4","solute carrier family 37 member 4 [Source:HGNC Symbol;Acc:HGNC:4061]","ENTREZGENE_ACC"
"2548","GAA","GAA","glucosidase alpha, acid [Source:HGNC Symbol;Acc:HGNC:4065]","ENTREZGENE_ACC"
"2553","GABPB1","GABPB1","GA binding protein transcription factor subunit beta 1 [Source:HGNC Symbol;Acc:HGNC:4074]","ENTREZGENE_ACC"
"2582","GALE","GALE","UDP-galactose-4-epimerase [Source:HGNC Symbol;Acc:HGNC:4116]","ENTREZGENE_ACC"
"2624","GATA2","GATA2","GATA binding protein 2 [Source:HGNC Symbol;Acc:HGNC:4171]","ENTREZGENE_ACC"
"2673","GFPT1","GFPT1","glutamine--fructose-6-phosphate transaminase 1 [Source:HGNC Symbol;Acc:HGNC:4241]","ENTREZGENE_ACC"
"2745","GLRX","GLRX","glutaredoxin [Source:HGNC Symbol;Acc:HGNC:4330]","ENTREZGENE_ACC"
"2767","GNA11","GNA11","G protein subunit alpha 11 [Source:HGNC Symbol;Acc:HGNC:4379]","ENTREZGENE_ACC"
"2770","GNAI1","GNAI1","G protein subunit alpha i1 [Source:HGNC Symbol;Acc:HGNC:4384]","ENTREZGENE_ACC"
"2810","SFN","SFN","stratifin [Source:HGNC Symbol;Acc:HGNC:10773]","ENTREZGENE_ACC"
"2817","GPC1","GPC1","glypican 1 [Source:HGNC Symbol;Acc:HGNC:4449]","ENTREZGENE_ACC"
"2887","GRB10","GRB10","growth factor receptor bound protein 10 [Source:HGNC Symbol;Acc:HGNC:4564]","ENTREZGENE_ACC"
"2896","GRN","GRN","granulin precursor [Source:HGNC Symbol;Acc:HGNC:4601]","ENTREZGENE_ACC"
"2908","NR3C1","NR3C1","nuclear receptor subfamily 3 group C member 1 [Source:HGNC Symbol;Acc:HGNC:7978]","ENTREZGENE_ACC"
"2920","CXCL2","CXCL2","C-X-C motif chemokine ligand 2 [Source:HGNC Symbol;Acc:HGNC:4603]","ENTREZGENE_ACC"
"2954","GSTZ1","GSTZ1","glutathione S-transferase zeta 1 [Source:HGNC Symbol;Acc:HGNC:4643]","ENTREZGENE_ACC"
"2958","GTF2A2","GTF2A2","general transcription factor IIA subunit 2 [Source:HGNC Symbol;Acc:HGNC:4647]","ENTREZGENE_ACC"
"3028","HSD17B10","HSD17B10","hydroxysteroid 17-beta dehydrogenase 10 [Source:HGNC Symbol;Acc:HGNC:4800]","ENTREZGENE_ACC"
"3033","HADH","HADH","hydroxyacyl-CoA dehydrogenase [Source:HGNC Symbol;Acc:HGNC:4799]","ENTREZGENE_ACC"
"3091","HIF1A","HIF1A","hypoxia inducible factor 1 subunit alpha [Source:HGNC Symbol;Acc:HGNC:4910]","ENTREZGENE_ACC"
"3098","HK1","HK1","hexokinase 1 [Source:HGNC Symbol;Acc:HGNC:4922]","ENTREZGENE_ACC"
"3108","HLA-DMA","HLA-DMA","major histocompatibility complex, class II, DM alpha [Source:HGNC Symbol;Acc:HGNC:4934]","ENTREZGENE_ACC"
"3156","HMGCR","HMGCR","3-hydroxy-3-methylglutaryl-CoA reductase [Source:HGNC Symbol;Acc:HGNC:5006]","ENTREZGENE_ACC"
"3157","HMGCS1","HMGCS1","3-hydroxy-3-methylglutaryl-CoA synthase 1 [Source:HGNC Symbol;Acc:HGNC:5007]","ENTREZGENE_ACC"
"3162","HMOX1","HMOX1","heme oxygenase 1 [Source:HGNC Symbol;Acc:HGNC:5013]","ENTREZGENE_ACC"
"3202","HOXA5","HOXA5","homeobox A5 [Source:HGNC Symbol;Acc:HGNC:5106]","ENTREZGENE_ACC"
"3206","HOXA10","HOXA10","homeobox A10 [Source:HGNC Symbol;Acc:HGNC:5100]","ENTREZGENE_ACC"
"3251","HPRT1","HPRT1","hypoxanthine phosphoribosyltransferase 1 [Source:HGNC Symbol;Acc:HGNC:5157]","ENTREZGENE_ACC"
"3280","HES1","HES1","hes family bHLH transcription factor 1 [Source:HGNC Symbol;Acc:HGNC:5192]","ENTREZGENE_ACC"
"3300","DNAJB2","DNAJB2","DnaJ heat shock protein family (Hsp40) member B2 [Source:HGNC Symbol;Acc:HGNC:5228]","ENTREZGENE_ACC"
"3303","HSPA1A","HSPA1A","heat shock protein family A (Hsp70) member 1A [Source:HGNC Symbol;Acc:HGNC:5232]","ENTREZGENE_ACC"
"3308","HSPA4","HSPA4","heat shock protein family A (Hsp70) member 4 [Source:HGNC Symbol;Acc:HGNC:5237]","ENTREZGENE_ACC"
"3312","HSPA8","HSPA8","heat shock protein family A (Hsp70) member 8 [Source:HGNC Symbol;Acc:HGNC:5241]","ENTREZGENE_ACC"
"3315","HSPB1","HSPB1","heat shock protein family B (small) member 1 [Source:HGNC Symbol;Acc:HGNC:5246]","ENTREZGENE_ACC"
"3337","DNAJB1","DNAJB1","DnaJ heat shock protein family (Hsp40) member B1 [Source:HGNC Symbol;Acc:HGNC:5270]","ENTREZGENE_ACC"
"3383","ICAM1","ICAM1","intercellular adhesion molecule 1 [Source:HGNC Symbol;Acc:HGNC:5344]","ENTREZGENE_ACC"
"3398","ID2","ID2","inhibitor of DNA binding 2 [Source:HGNC Symbol;Acc:HGNC:5361]","ENTREZGENE_ACC"
"3454","IFNAR1","IFNAR1","interferon alpha and beta receptor subunit 1 [Source:HGNC Symbol;Acc:HGNC:5432]","ENTREZGENE_ACC"
"3480","IGF1R","IGF1R","insulin like growth factor 1 receptor [Source:HGNC Symbol;Acc:HGNC:5465]","ENTREZGENE_ACC"
"3482","IGF2R","IGF2R","insulin like growth factor 2 receptor [Source:HGNC Symbol;Acc:HGNC:5467]","ENTREZGENE_ACC"
"3551","IKBKB","IKBKB","inhibitor of nuclear factor kappa B kinase subunit beta [Source:HGNC Symbol;Acc:HGNC:5960]","ENTREZGENE_ACC"
"3553","IL1B","IL1B","interleukin 1 beta [Source:HGNC Symbol;Acc:HGNC:5992]","ENTREZGENE_ACC"
"3597","IL13RA1","IL13RA1","interleukin 13 receptor subunit alpha 1 [Source:HGNC Symbol;Acc:HGNC:5974]","ENTREZGENE_ACC"
"3611","ILK","ILK","integrin linked kinase [Source:HGNC Symbol;Acc:HGNC:6040]","ENTREZGENE_ACC"
"3638","INSIG1","INSIG1","insulin induced gene 1 [Source:HGNC Symbol;Acc:HGNC:6083]","ENTREZGENE_ACC"
"3682","ITGAE","ITGAE","integrin subunit alpha E [Source:HGNC Symbol;Acc:HGNC:6147]","ENTREZGENE_ACC"
"3693","ITGB5","ITGB5","integrin subunit beta 5 [Source:HGNC Symbol;Acc:HGNC:6160]","ENTREZGENE_ACC"
"3725","JUN","JUN","Jun proto-oncogene, AP-1 transcription factor subunit [Source:HGNC Symbol;Acc:HGNC:6204]","ENTREZGENE_ACC"
"3775","KCNK1","KCNK1","potassium two pore domain channel subfamily K member 1 [Source:HGNC Symbol;Acc:HGNC:6272]","ENTREZGENE_ACC"
"3815","KIT","KIT","KIT proto-oncogene, receptor tyrosine kinase [Source:HGNC Symbol;Acc:HGNC:6342]","ENTREZGENE_ACC"
"3895","KTN1","KTN1","kinectin 1 [Source:HGNC Symbol;Acc:HGNC:6467]","ENTREZGENE_ACC"
"3925","STMN1","STMN1","stathmin 1 [Source:HGNC Symbol;Acc:HGNC:6510]","ENTREZGENE_ACC"
"3930","LBR","LBR","lamin B receptor [Source:HGNC Symbol;Acc:HGNC:6518]","ENTREZGENE_ACC"
"3964","LGALS8","LGALS8","galectin 8 [Source:HGNC Symbol;Acc:HGNC:6569]","ENTREZGENE_ACC"
"3988","LIPA","LIPA","lipase A, lysosomal acid type [Source:HGNC Symbol;Acc:HGNC:6617]","ENTREZGENE_ACC"
"4016","LOXL1","LOXL1","lysyl oxidase like 1 [Source:HGNC Symbol;Acc:HGNC:6665]","ENTREZGENE_ACC"
"4043","LRPAP1","LRPAP1","LDL receptor related protein associated protein 1 [Source:HGNC Symbol;Acc:HGNC:6701]","ENTREZGENE_ACC"
"4088","SMAD3","SMAD3","SMAD family member 3 [Source:HGNC Symbol;Acc:HGNC:6769]","ENTREZGENE_ACC"
"4125","MAN2B1","MAN2B1","mannosidase alpha class 2B member 1 [Source:HGNC Symbol;Acc:HGNC:6826]","ENTREZGENE_ACC"
"4144","MAT2A","MAT2A","methionine adenosyltransferase 2A [Source:HGNC Symbol;Acc:HGNC:6904]","ENTREZGENE_ACC"
"4154","MBNL1","MBNL1","muscleblind like splicing regulator 1 [Source:HGNC Symbol;Acc:HGNC:6923]","ENTREZGENE_ACC"
"4172","MCM3","MCM3","minichromosome maintenance complex component 3 [Source:HGNC Symbol;Acc:HGNC:6945]","ENTREZGENE_ACC"
"4200","ME2","ME2","malic enzyme 2 [Source:HGNC Symbol;Acc:HGNC:6984]","ENTREZGENE_ACC"
"4208","MEF2C","MEF2C","myocyte enhancer factor 2C [Source:HGNC Symbol;Acc:HGNC:6996]","ENTREZGENE_ACC"
"4216","MAP3K4","MAP3K4","mitogen-activated protein kinase kinase kinase 4 [Source:HGNC Symbol;Acc:HGNC:6856]","ENTREZGENE_ACC"
"4232","MEST","MEST","mesoderm specific transcript [Source:HGNC Symbol;Acc:HGNC:7028]","ENTREZGENE_ACC"
"4282","MIF","MIF","macrophage migration inhibitory factor [Source:HGNC Symbol;Acc:HGNC:7097]","ENTREZGENE_ACC"
"4303","FOXO4","FOXO4","forkhead box O4 [Source:HGNC Symbol;Acc:HGNC:7139]","ENTREZGENE_ACC"
"4312","MMP1","MMP1","matrix metallopeptidase 1 [Source:HGNC Symbol;Acc:HGNC:7155]","ENTREZGENE_ACC"
"4313","MMP2","MMP2","matrix metallopeptidase 2 [Source:HGNC Symbol;Acc:HGNC:7166]","ENTREZGENE_ACC"
"4331","MNAT1","MNAT1","MNAT1 component of CDK activating kinase [Source:HGNC Symbol;Acc:HGNC:7181]","ENTREZGENE_ACC"
"4482","MSRA","MSRA","methionine sulfoxide reductase A [Source:HGNC Symbol;Acc:HGNC:7377]","ENTREZGENE_ACC"
"4605","MYBL2","MYBL2","MYB proto-oncogene like 2 [Source:HGNC Symbol;Acc:HGNC:7548]","ENTREZGENE_ACC"
"4609","MYC","MYC","MYC proto-oncogene, bHLH transcription factor [Source:HGNC Symbol;Acc:HGNC:7553]","ENTREZGENE_ACC"
"4616","GADD45B","GADD45B","growth arrest and DNA damage inducible beta [Source:HGNC Symbol;Acc:HGNC:4096]","ENTREZGENE_ACC"
"4638","MYLK","MYLK","myosin light chain kinase [Source:HGNC Symbol;Acc:HGNC:7590]","ENTREZGENE_ACC"
"4651","MYO10","MYO10","myosin X [Source:HGNC Symbol;Acc:HGNC:7593]","ENTREZGENE_ACC"
"4690","NCK1","NCK1","NCK adaptor protein 1 [Source:HGNC Symbol;Acc:HGNC:7664]","ENTREZGENE_ACC"
"4775","NFATC3","NFATC3","nuclear factor of activated T cells 3 [Source:HGNC Symbol;Acc:HGNC:7777]","ENTREZGENE_ACC"
"4776","NFATC4","NFATC4","nuclear factor of activated T cells 4 [Source:HGNC Symbol;Acc:HGNC:7778]","ENTREZGENE_ACC"
"4780","NFE2L2","NFE2L2","nuclear factor, erythroid 2 like 2 [Source:HGNC Symbol;Acc:HGNC:7782]","ENTREZGENE_ACC"
"4783","NFIL3","NFIL3","nuclear factor, interleukin 3 regulated [Source:HGNC Symbol;Acc:HGNC:7787]","ENTREZGENE_ACC"
"4791","NFKB2","NFKB2","nuclear factor kappa B subunit 2 [Source:HGNC Symbol;Acc:HGNC:7795]","ENTREZGENE_ACC"
"4792","NFKBIA","NFKBIA","NFKB inhibitor alpha [Source:HGNC Symbol;Acc:HGNC:7797]","ENTREZGENE_ACC"
"4794","NFKBIE","NFKBIE","NFKB inhibitor epsilon [Source:HGNC Symbol;Acc:HGNC:7799]","ENTREZGENE_ACC"
"4846","NOS3","NOS3","nitric oxide synthase 3 [Source:HGNC Symbol;Acc:HGNC:7876]","ENTREZGENE_ACC"
"4851","NOTCH1","NOTCH1","notch receptor 1 [Source:HGNC Symbol;Acc:HGNC:7881]","ENTREZGENE_ACC"
"4860","PNP","PNP","purine nucleoside phosphorylase [Source:HGNC Symbol;Acc:HGNC:7892]","ENTREZGENE_ACC"
"4864","NPC1","NPC1","NPC intracellular cholesterol transporter 1 [Source:HGNC Symbol;Acc:HGNC:7897]","ENTREZGENE_ACC"
"4893","NRAS","NRAS","NRAS proto-oncogene, GTPase [Source:HGNC Symbol;Acc:HGNC:7989]","ENTREZGENE_ACC"
"4925","NUCB2","NUCB2","nucleobindin 2 [Source:HGNC Symbol;Acc:HGNC:8044]","ENTREZGENE_ACC"
"4931","NVL","NVL","nuclear VCP like [Source:HGNC Symbol;Acc:HGNC:8070]","ENTREZGENE_ACC"
"4998","ORC1","ORC1","origin recognition complex subunit 1 [Source:HGNC Symbol;Acc:HGNC:8487]","ENTREZGENE_ACC"
"5018","OXA1L","OXA1L","OXA1L mitochondrial inner membrane protein [Source:HGNC Symbol;Acc:HGNC:8526]","ENTREZGENE_ACC"
"5019","OXCT1","OXCT1","3-oxoacid CoA-transferase 1 [Source:HGNC Symbol;Acc:HGNC:8527]","ENTREZGENE_ACC"
"5048","PAFAH1B1","PAFAH1B1","platelet activating factor acetylhydrolase 1b regulatory subunit 1 [Source:HGNC Symbol;Acc:HGNC:8574]","ENTREZGENE_ACC"
"5050","PAFAH1B3","PAFAH1B3","platelet activating factor acetylhydrolase 1b catalytic subunit 3 [Source:HGNC Symbol;Acc:HGNC:8576]","ENTREZGENE_ACC"
"5054","SERPINE1","SERPINE1","serpin family E member 1 [Source:HGNC Symbol;Acc:HGNC:8583]","ENTREZGENE_ACC"
"5058","PAK1","PAK1","p21 (RAC1) activated kinase 1 [Source:HGNC Symbol;Acc:HGNC:8590]","ENTREZGENE_ACC"
"5092","PCBD1","PCBD1","pterin-4 alpha-carbinolamine dehydratase 1 [Source:HGNC Symbol;Acc:HGNC:8646]","ENTREZGENE_ACC"
"5096","PCCB","PCCB","propionyl-CoA carboxylase subunit beta [Source:HGNC Symbol;Acc:HGNC:8654]","ENTREZGENE_ACC"
"5106","PCK2","PCK2","phosphoenolpyruvate carboxykinase 2, mitochondrial [Source:HGNC Symbol;Acc:HGNC:8725]","ENTREZGENE_ACC"
"5108","PCM1","PCM1","pericentriolar material 1 [Source:HGNC Symbol;Acc:HGNC:8727]","ENTREZGENE_ACC"
"5110","PCMT1","PCMT1","protein-L-isoaspartate (D-aspartate) O-methyltransferase [Source:HGNC Symbol;Acc:HGNC:8728]","ENTREZGENE_ACC"
"5111","PCNA","PCNA","proliferating cell nuclear antigen [Source:HGNC Symbol;Acc:HGNC:8729]","ENTREZGENE_ACC"
"5154","PDGFA","PDGFA","platelet derived growth factor subunit A [Source:HGNC Symbol;Acc:HGNC:8799]","ENTREZGENE_ACC"
"5211","PFKL","PFKL","phosphofructokinase, liver type [Source:HGNC Symbol;Acc:HGNC:8876]","ENTREZGENE_ACC"
"5236","PGM1","PGM1","phosphoglucomutase 1 [Source:HGNC Symbol;Acc:HGNC:8905]","ENTREZGENE_ACC"
"5255","PHKA1","PHKA1","phosphorylase kinase regulatory subunit alpha 1 [Source:HGNC Symbol;Acc:HGNC:8925]","ENTREZGENE_ACC"
"5257","PHKB","PHKB","phosphorylase kinase regulatory subunit beta [Source:HGNC Symbol;Acc:HGNC:8927]","ENTREZGENE_ACC"
"5261","PHKG2","PHKG2","phosphorylase kinase catalytic subunit gamma 2 [Source:HGNC Symbol;Acc:HGNC:8931]","ENTREZGENE_ACC"
"5287","PIK3C2B","PIK3C2B","phosphatidylinositol-4-phosphate 3-kinase catalytic subunit type 2 beta [Source:HGNC Symbol;Acc:HGNC:8972]","ENTREZGENE_ACC"
"5290","PIK3CA","PIK3CA","phosphatidylinositol-4,5-bisphosphate 3-kinase catalytic subunit alpha [Source:HGNC Symbol;Acc:HGNC:8975]","ENTREZGENE_ACC"
"5300","PIN1","PIN1","peptidylprolyl cis/trans isomerase, NIMA-interacting 1 [Source:HGNC Symbol;Acc:HGNC:8988]","ENTREZGENE_ACC"
"5321","PLA2G4A","PLA2G4A","phospholipase A2 group IVA [Source:HGNC Symbol;Acc:HGNC:9035]","ENTREZGENE_ACC"
"5331","PLCB3","PLCB3","phospholipase C beta 3 [Source:HGNC Symbol;Acc:HGNC:9056]","ENTREZGENE_ACC"
"5347","PLK1","PLK1","polo like kinase 1 [Source:HGNC Symbol;Acc:HGNC:9077]","ENTREZGENE_ACC"
"5355","PLP2","PLP2","proteolipid protein 2 [Source:HGNC Symbol;Acc:HGNC:9087]","ENTREZGENE_ACC"
"5357","PLS1","PLS1","plastin 1 [Source:HGNC Symbol;Acc:HGNC:9090]","ENTREZGENE_ACC"
"5359","PLSCR1","PLSCR1","phospholipid scramblase 1 [Source:HGNC Symbol;Acc:HGNC:9092]","ENTREZGENE_ACC"
"5366","PMAIP1","PMAIP1","phorbol-12-myristate-13-acetate-induced protein 1 [Source:HGNC Symbol;Acc:HGNC:9108]","ENTREZGENE_ACC"
"5373","PMM2","PMM2","phosphomannomutase 2 [Source:HGNC Symbol;Acc:HGNC:9115]","ENTREZGENE_ACC"
"5423","POLB","POLB","DNA polymerase beta [Source:HGNC Symbol;Acc:HGNC:9174]","ENTREZGENE_ACC"
"5427","POLE2","POLE2","DNA polymerase epsilon 2, accessory subunit [Source:HGNC Symbol;Acc:HGNC:9178]","ENTREZGENE_ACC"
"5438","POLR2I","POLR2I","RNA polymerase II subunit I [Source:HGNC Symbol;Acc:HGNC:9196]","ENTREZGENE_ACC"
"5467","PPARD","PPARD","peroxisome proliferator activated receptor delta [Source:HGNC Symbol;Acc:HGNC:9235]","ENTREZGENE_ACC"
"5468","PPARG","PPARG","peroxisome proliferator activated receptor gamma [Source:HGNC Symbol;Acc:HGNC:9236]","ENTREZGENE_ACC"
"5498","PPOX","PPOX","protoporphyrinogen oxidase [Source:HGNC Symbol;Acc:HGNC:9280]","ENTREZGENE_ACC"
"5525","PPP2R5A","PPP2R5A","protein phosphatase 2 regulatory subunit B'alpha [Source:HGNC Symbol;Acc:HGNC:9309]","ENTREZGENE_ACC"
"5566","PRKACA","PRKACA","protein kinase cAMP-activated catalytic subunit alpha [Source:HGNC Symbol;Acc:HGNC:9380]","ENTREZGENE_ACC"
"5580","PRKCD","PRKCD","protein kinase C delta [Source:HGNC Symbol;Acc:HGNC:9399]","ENTREZGENE_ACC"
"5583","PRKCH","PRKCH","protein kinase C eta [Source:HGNC Symbol;Acc:HGNC:9403]","ENTREZGENE_ACC"
"5588","PRKCQ","PRKCQ","protein kinase C theta [Source:HGNC Symbol;Acc:HGNC:9410]","ENTREZGENE_ACC"
"5601","MAPK9","MAPK9","mitogen-activated protein kinase 9 [Source:HGNC Symbol;Acc:HGNC:6886]","ENTREZGENE_ACC"
"5613","PRKX","PRKX","protein kinase X-linked [Source:HGNC Symbol;Acc:HGNC:9441]","ENTREZGENE_ACC"
"5627","PROS1","PROS1","protein S [Source:HGNC Symbol;Acc:HGNC:9456]","ENTREZGENE_ACC"
"5641","LGMN","LGMN","legumain [Source:HGNC Symbol;Acc:HGNC:9472]","ENTREZGENE_ACC"
"5696","PSMB8","PSMB8","proteasome 20S subunit beta 8 [Source:HGNC Symbol;Acc:HGNC:9545]","ENTREZGENE_ACC"
"5699","PSMB10","PSMB10","proteasome 20S subunit beta 10 [Source:HGNC Symbol;Acc:HGNC:9538]","ENTREZGENE_ACC"
"5708","PSMD2","PSMD2","proteasome 26S subunit, non-ATPase 2 [Source:HGNC Symbol;Acc:HGNC:9559]","ENTREZGENE_ACC"
"5710","PSMD4","PSMD4","proteasome 26S subunit, non-ATPase 4 [Source:HGNC Symbol;Acc:HGNC:9561]","ENTREZGENE_ACC"
"5721","PSME2","PSME2","proteasome activator subunit 2 [Source:HGNC Symbol;Acc:HGNC:9569]","ENTREZGENE_ACC"
"5747","PTK2","PTK2","protein tyrosine kinase 2 [Source:HGNC Symbol;Acc:HGNC:9611]","ENTREZGENE_ACC"
"5770","PTPN1","PTPN1","protein tyrosine phosphatase non-receptor type 1 [Source:HGNC Symbol;Acc:HGNC:9642]","ENTREZGENE_ACC"
"5777","PTPN6","PTPN6","protein tyrosine phosphatase non-receptor type 6 [Source:HGNC Symbol;Acc:HGNC:9658]","ENTREZGENE_ACC"
"5782","PTPN12","PTPN12","protein tyrosine phosphatase non-receptor type 12 [Source:HGNC Symbol;Acc:HGNC:9645]","ENTREZGENE_ACC"
"5792","PTPRF","PTPRF","protein tyrosine phosphatase receptor type F [Source:HGNC Symbol;Acc:HGNC:9670]","ENTREZGENE_ACC"
"5796","PTPRK","PTPRK","protein tyrosine phosphatase receptor type K [Source:HGNC Symbol;Acc:HGNC:9674]","ENTREZGENE_ACC"
"5827","PXMP2","PXMP2","peroxisomal membrane protein 2 [Source:HGNC Symbol;Acc:HGNC:9716]","ENTREZGENE_ACC"
"5829","PXN","PXN","paxillin [Source:HGNC Symbol;Acc:HGNC:9718]","ENTREZGENE_ACC"
"5831","PYCR1","PYCR1","pyrroline-5-carboxylate reductase 1 [Source:HGNC Symbol;Acc:HGNC:9721]","ENTREZGENE_ACC"
"5836","PYGL","PYGL","glycogen phosphorylase L [Source:HGNC Symbol;Acc:HGNC:9725]","ENTREZGENE_ACC"
"5867","RAB4A","RAB4A","RAB4A, member RAS oncogene family [Source:HGNC Symbol;Acc:HGNC:9781]","ENTREZGENE_ACC"
"5873","RAB27A","RAB27A","RAB27A, member RAS oncogene family [Source:HGNC Symbol;Acc:HGNC:9766]","ENTREZGENE_ACC"
"5880","RAC2","RAC2","Rac family small GTPase 2 [Source:HGNC Symbol;Acc:HGNC:9802]","ENTREZGENE_ACC"
"5883","RAD9A","RAD9A","RAD9 checkpoint clamp component A [Source:HGNC Symbol;Acc:HGNC:9827]","ENTREZGENE_ACC"
"5889","RAD51C","RAD51C","RAD51 paralog C [Source:HGNC Symbol;Acc:HGNC:9820]","ENTREZGENE_ACC"
"5898","RALA","RALA","RAS like proto-oncogene A [Source:HGNC Symbol;Acc:HGNC:9839]","ENTREZGENE_ACC"
"5899","RALB","RALB","RAS like proto-oncogene B [Source:HGNC Symbol;Acc:HGNC:9840]","ENTREZGENE_ACC"
"5921","RASA1","RASA1","RAS p21 protein activator 1 [Source:HGNC Symbol;Acc:HGNC:9871]","ENTREZGENE_ACC"
"5925","RB1","RB1","RB transcriptional corepressor 1 [Source:HGNC Symbol;Acc:HGNC:9884]","ENTREZGENE_ACC"
"5927","KDM5A","KDM5A","lysine demethylase 5A [Source:HGNC Symbol;Acc:HGNC:9886]","ENTREZGENE_ACC"
"5971","RELB","RELB","RELB proto-oncogene, NF-kB subunit [Source:HGNC Symbol;Acc:HGNC:9956]","ENTREZGENE_ACC"
"5982","RFC2","RFC2","replication factor C subunit 2 [Source:HGNC Symbol;Acc:HGNC:9970]","ENTREZGENE_ACC"
"5985","RFC5","RFC5","replication factor C subunit 5 [Source:HGNC Symbol;Acc:HGNC:9973]","ENTREZGENE_ACC"
"5993","RFX5","RFX5","regulatory factor X5 [Source:HGNC Symbol;Acc:HGNC:9986]","ENTREZGENE_ACC"
"5997","RGS2","RGS2","regulator of G protein signaling 2 [Source:HGNC Symbol;Acc:HGNC:9998]","ENTREZGENE_ACC"
"6009","RHEB","RHEB","Ras homolog, mTORC1 binding [Source:HGNC Symbol;Acc:HGNC:10011]","ENTREZGENE_ACC"
"6050","RNH1","RNH1","ribonuclease/angiogenin inhibitor 1 [Source:HGNC Symbol;Acc:HGNC:10074]","ENTREZGENE_ACC"
"6117","RPA1","RPA1","replication protein A1 [Source:HGNC Symbol;Acc:HGNC:10289]","ENTREZGENE_ACC"
"6119","RPA3","RPA3","replication protein A3 [Source:HGNC Symbol;Acc:HGNC:10291]","ENTREZGENE_ACC"
"6182","MRPL12","MRPL12","mitochondrial ribosomal protein L12 [Source:HGNC Symbol;Acc:HGNC:10378]","ENTREZGENE_ACC"
"6184","RPN1","RPN1","ribophorin I [Source:HGNC Symbol;Acc:HGNC:10381]","ENTREZGENE_ACC"
"6194","RPS6","RPS6","ribosomal protein S6 [Source:HGNC Symbol;Acc:HGNC:10429]","ENTREZGENE_ACC"
"6195","RPS6KA1","RPS6KA1","ribosomal protein S6 kinase A1 [Source:HGNC Symbol;Acc:HGNC:10430]","ENTREZGENE_ACC"
"6251","RSU1","RSU1","Ras suppressor protein 1 [Source:HGNC Symbol;Acc:HGNC:10464]","ENTREZGENE_ACC"
"6253","RTN2","RTN2","reticulon 2 [Source:HGNC Symbol;Acc:HGNC:10468]","ENTREZGENE_ACC"
"6275","S100A4","S100A4","S100 calcium binding protein A4 [Source:HGNC Symbol;Acc:HGNC:10494]","ENTREZGENE_ACC"
"6284","S100A13","S100A13","S100 calcium binding protein A13 [Source:HGNC Symbol;Acc:HGNC:10490]","ENTREZGENE_ACC"
"6304","SATB1","SATB1","SATB homeobox 1 [Source:HGNC Symbol;Acc:HGNC:10541]","ENTREZGENE_ACC"
"6342","SCP2","SCP2","sterol carrier protein 2 [Source:HGNC Symbol;Acc:HGNC:10606]","ENTREZGENE_ACC"
"6390","SDHB","SDHB","succinate dehydrogenase complex iron sulfur subunit B [Source:HGNC Symbol;Acc:HGNC:10681]","ENTREZGENE_ACC"
"6443","SGCB","SGCB","sarcoglycan beta [Source:HGNC Symbol;Acc:HGNC:10806]","ENTREZGENE_ACC"
"6461","SHB","SHB","SH2 domain containing adaptor protein B [Source:HGNC Symbol;Acc:HGNC:10838]","ENTREZGENE_ACC"
"6464","SHC1","SHC1","SHC adaptor protein 1 [Source:HGNC Symbol;Acc:HGNC:10840]","ENTREZGENE_ACC"
"6499","SKIV2L","SKIV2L","Ski2 like RNA helicase [Source:HGNC Symbol;Acc:HGNC:10898]","ENTREZGENE_ACC"
"6500","SKP1","SKP1","S-phase kinase associated protein 1 [Source:HGNC Symbol;Acc:HGNC:10899]","ENTREZGENE_ACC"
"6599","SMARCC1","SMARCC1","SWI/SNF related, matrix associated, actin dependent regulator of chromatin subfamily c member 1 [Source:HGNC Symbol;Acc:HGNC:11104]","ENTREZGENE_ACC"
"6603","SMARCD2","SMARCD2","SWI/SNF related, matrix associated, actin dependent regulator of chromatin, subfamily d, member 2 [Source:HGNC Symbol;Acc:HGNC:11107]","ENTREZGENE_ACC"
"6622","SNCA","SNCA","synuclein alpha [Source:HGNC Symbol;Acc:HGNC:11138]","ENTREZGENE_ACC"
"6659","SOX4","SOX4","SRY-box transcription factor 4 [Source:HGNC Symbol;Acc:HGNC:11200]","ENTREZGENE_ACC"
"6696","SPP1","SPP1","secreted phosphoprotein 1 [Source:HGNC Symbol;Acc:HGNC:11255]","ENTREZGENE_ACC"
"6697","SPR","SPR","sepiapterin reductase [Source:HGNC Symbol;Acc:HGNC:11257]","ENTREZGENE_ACC"
"6709","SPTAN1","SPTAN1","spectrin alpha, non-erythrocytic 1 [Source:HGNC Symbol;Acc:HGNC:11273]","ENTREZGENE_ACC"
"6714","SRC","SRC","SRC proto-oncogene, non-receptor tyrosine kinase [Source:HGNC Symbol;Acc:HGNC:11283]","ENTREZGENE_ACC"
"6772","STAT1","STAT1","signal transducer and activator of transcription 1 [Source:HGNC Symbol;Acc:HGNC:11362]","ENTREZGENE_ACC"
"6774","STAT3","STAT3","signal transducer and activator of transcription 3 [Source:HGNC Symbol;Acc:HGNC:11364]","ENTREZGENE_ACC"
"6777","STAT5B","STAT5B","signal transducer and activator of transcription 5B [Source:HGNC Symbol;Acc:HGNC:11367]","ENTREZGENE_ACC"
"6790","AURKA","AURKA","aurora kinase A [Source:HGNC Symbol;Acc:HGNC:11393]","ENTREZGENE_ACC"
"6793","STK10","STK10","serine/threonine kinase 10 [Source:HGNC Symbol;Acc:HGNC:11388]","ENTREZGENE_ACC"
"6804","STX1A","STX1A","syntaxin 1A [Source:HGNC Symbol;Acc:HGNC:11433]","ENTREZGENE_ACC"
"6810","STX4","STX4","syntaxin 4 [Source:HGNC Symbol;Acc:HGNC:11439]","ENTREZGENE_ACC"
"6812","STXBP1","STXBP1","syntaxin binding protein 1 [Source:HGNC Symbol;Acc:HGNC:11444]","ENTREZGENE_ACC"
"6813","STXBP2","STXBP2","syntaxin binding protein 2 [Source:HGNC Symbol;Acc:HGNC:11445]","ENTREZGENE_ACC"
"6839","SUV39H1","SUV39H1","suppressor of variegation 3-9 homolog 1 [Source:HGNC Symbol;Acc:HGNC:11479]","ENTREZGENE_ACC"
"6850","SYK","SYK","spleen associated tyrosine kinase [Source:HGNC Symbol;Acc:HGNC:11491]","ENTREZGENE_ACC"
"6856","SYPL1","SYPL1","synaptophysin like 1 [Source:HGNC Symbol;Acc:HGNC:11507]","ENTREZGENE_ACC"
"6894","TARBP1","TARBP1","TAR (HIV-1) RNA binding protein 1 [Source:HGNC Symbol;Acc:HGNC:11568]","ENTREZGENE_ACC"
"6909","TBX2","TBX2","T-box transcription factor 2 [Source:HGNC Symbol;Acc:HGNC:11597]","ENTREZGENE_ACC"
"6915","TBXA2R","TBXA2R","thromboxane A2 receptor [Source:HGNC Symbol;Acc:HGNC:11608]","ENTREZGENE_ACC"
"6919","TCEA2","TCEA2","transcription elongation factor A2 [Source:HGNC Symbol;Acc:HGNC:11614]","ENTREZGENE_ACC"
"6944","VPS72","VPS72","vacuolar protein sorting 72 homolog [Source:HGNC Symbol;Acc:HGNC:11644]","ENTREZGENE_ACC"
"6988","TCTA","TCTA","T cell leukemia translocation altered [Source:HGNC Symbol;Acc:HGNC:11692]","ENTREZGENE_ACC"
"6990","DYNLT3","DYNLT3","dynein light chain Tctex-type 3 [Source:HGNC Symbol;Acc:HGNC:11694]","ENTREZGENE_ACC"
"7015","TERT","TERT","telomerase reverse transcriptase [Source:HGNC Symbol;Acc:HGNC:11730]","ENTREZGENE_ACC"
"7016","TESK1","TESK1","testis associated actin remodelling kinase 1 [Source:HGNC Symbol;Acc:HGNC:11731]","ENTREZGENE_ACC"
"7020","TFAP2A","TFAP2A","transcription factor AP-2 alpha [Source:HGNC Symbol;Acc:HGNC:11742]","ENTREZGENE_ACC"
"7027","TFDP1","TFDP1","transcription factor Dp-1 [Source:HGNC Symbol;Acc:HGNC:11749]","ENTREZGENE_ACC"
"7048","TGFBR2","TGFBR2","transforming growth factor beta receptor 2 [Source:HGNC Symbol;Acc:HGNC:11773]","ENTREZGENE_ACC"
"7074","TIAM1","TIAM1","TIAM Rac1 associated GEF 1 [Source:HGNC Symbol;Acc:HGNC:11805]","ENTREZGENE_ACC"
"7077","TIMP2","TIMP2","TIMP metallopeptidase inhibitor 2 [Source:HGNC Symbol;Acc:HGNC:11821]","ENTREZGENE_ACC"
"7082","TJP1","TJP1","tight junction protein 1 [Source:HGNC Symbol;Acc:HGNC:11827]","ENTREZGENE_ACC"
"7088","TLE1","TLE1","TLE family member 1, transcriptional corepressor [Source:HGNC Symbol;Acc:HGNC:11837]","ENTREZGENE_ACC"
"7099","TLR4","TLR4","toll like receptor 4 [Source:HGNC Symbol;Acc:HGNC:11850]","ENTREZGENE_ACC"
"7105","TSPAN6","TSPAN6","tetraspanin 6 [Source:HGNC Symbol;Acc:HGNC:11858]","ENTREZGENE_ACC"
"7106","TSPAN4","TSPAN4","tetraspanin 4 [Source:HGNC Symbol;Acc:HGNC:11859]","ENTREZGENE_ACC"
"7153","TOP2A","TOP2A","DNA topoisomerase II alpha [Source:HGNC Symbol;Acc:HGNC:11989]","ENTREZGENE_ACC"
"7159","TP53BP2","TP53BP2","tumor protein p53 binding protein 2 [Source:HGNC Symbol;Acc:HGNC:12000]","ENTREZGENE_ACC"
"7165","TPD52L2","TPD52L2","TPD52 like 2 [Source:HGNC Symbol;Acc:HGNC:12007]","ENTREZGENE_ACC"
"7168","TPM1","TPM1","tropomyosin 1 [Source:HGNC Symbol;Acc:HGNC:12010]","ENTREZGENE_ACC"
"7264","TSTA3","TSTA3","tissue specific transplantation antigen P35B [Source:HGNC Symbol;Acc:HGNC:12390]","ENTREZGENE_ACC"
"7296","TXNRD1","TXNRD1","thioredoxin reductase 1 [Source:HGNC Symbol;Acc:HGNC:12437]","ENTREZGENE_ACC"
"7319","UBE2A","UBE2A","ubiquitin conjugating enzyme E2 A [Source:HGNC Symbol;Acc:HGNC:12472]","ENTREZGENE_ACC"
"7358","UGDH","UGDH","UDP-glucose 6-dehydrogenase [Source:HGNC Symbol;Acc:HGNC:12525]","ENTREZGENE_ACC"
"7376","NR1H2","NR1H2","nuclear receptor subfamily 1 group H member 2 [Source:HGNC Symbol;Acc:HGNC:7965]","ENTREZGENE_ACC"
"7398","USP1","USP1","ubiquitin specific peptidase 1 [Source:HGNC Symbol;Acc:HGNC:12607]","ENTREZGENE_ACC"
"7416","VDAC1","VDAC1","voltage dependent anion channel 1 [Source:HGNC Symbol;Acc:HGNC:12669]","ENTREZGENE_ACC"
"7485","GET1","GET1","guided entry of tail-anchored proteins factor 1 [Source:HGNC Symbol;Acc:HGNC:12790]","ENTREZGENE_ACC"
"7494","XBP1","XBP1","X-box binding protein 1 [Source:HGNC Symbol;Acc:HGNC:12801]","ENTREZGENE_ACC"
"7511","XPNPEP1","XPNPEP1","X-prolyl aminopeptidase 1 [Source:HGNC Symbol;Acc:HGNC:12822]","ENTREZGENE_ACC"
"7538","ZFP36","ZFP36","ZFP36 ring finger protein [Source:HGNC Symbol;Acc:HGNC:12862]","ENTREZGENE_ACC"
"7690","ZNF131","ZNF131","zinc finger protein 131 [Source:HGNC Symbol;Acc:HGNC:12915]","ENTREZGENE_ACC"
"7750","ZMYM2","ZMYM2","zinc finger MYM-type containing 2 [Source:HGNC Symbol;Acc:HGNC:12989]","ENTREZGENE_ACC"
"7852","CXCR4","CXCR4","C-X-C motif chemokine receptor 4 [Source:HGNC Symbol;Acc:HGNC:2561]","ENTREZGENE_ACC"
"7866","IFRD2","IFRD2","interferon related developmental regulator 2 [Source:HGNC Symbol;Acc:HGNC:5457]","ENTREZGENE_ACC"
"7867","MAPKAPK3","MAPKAPK3","MAPK activated protein kinase 3 [Source:HGNC Symbol;Acc:HGNC:6888]","ENTREZGENE_ACC"
"7874","USP7","USP7","ubiquitin specific peptidase 7 [Source:HGNC Symbol;Acc:HGNC:12630]","ENTREZGENE_ACC"
"7905","REEP5","REEP5","receptor accessory protein 5 [Source:HGNC Symbol;Acc:HGNC:30077]","ENTREZGENE_ACC"
"7982","ST7","ST7","suppression of tumorigenicity 7 [Source:HGNC Symbol;Acc:HGNC:11351]","ENTREZGENE_ACC"
"7982","ST7-OT3","ST7","suppression of tumorigenicity 7 [Source:HGNC Symbol;Acc:HGNC:11351]","ENTREZGENE_ACC"
"7994","KAT6A","KAT6A","lysine acetyltransferase 6A [Source:HGNC Symbol;Acc:HGNC:13013]","ENTREZGENE_ACC"
"8050","PDHX","PDHX","pyruvate dehydrogenase complex component X [Source:HGNC Symbol;Acc:HGNC:21350]","ENTREZGENE_ACC"
"8061","FOSL1","FOSL1","FOS like 1, AP-1 transcription factor subunit [Source:HGNC Symbol;Acc:HGNC:13718]","ENTREZGENE_ACC"
"8202","NCOA3","NCOA3","nuclear receptor coactivator 3 [Source:HGNC Symbol;Acc:HGNC:7670]","ENTREZGENE_ACC"
"8204","NRIP1","NRIP1","nuclear receptor interacting protein 1 [Source:HGNC Symbol;Acc:HGNC:8001]","ENTREZGENE_ACC"
"8243","SMC1A","SMC1A","structural maintenance of chromosomes 1A [Source:HGNC Symbol;Acc:HGNC:11111]","ENTREZGENE_ACC"
"8312","AXIN1","AXIN1","axin 1 [Source:HGNC Symbol;Acc:HGNC:903]","ENTREZGENE_ACC"
"8318","CDC45","CDC45","cell division cycle 45 [Source:HGNC Symbol;Acc:HGNC:1739]","ENTREZGENE_ACC"
"8324","FZD7","FZD7","frizzled class receptor 7 [Source:HGNC Symbol;Acc:HGNC:4045]","ENTREZGENE_ACC"
"8349","H2BC21","H2BC21","H2B clustered histone 21 [Source:HGNC Symbol;Acc:HGNC:4760]","ENTREZGENE_ACC"
"8396","PIP4K2B","PIP4K2B","phosphatidylinositol-5-phosphate 4-kinase type 2 beta [Source:HGNC Symbol;Acc:HGNC:8998]","ENTREZGENE_ACC"
"8440","NCK2","NCK2","NCK adaptor protein 2 [Source:HGNC Symbol;Acc:HGNC:7665]","ENTREZGENE_ACC"
"8444","DYRK3","DYRK3","dual specificity tyrosine phosphorylation regulated kinase 3 [Source:HGNC Symbol;Acc:HGNC:3094]","ENTREZGENE_ACC"
"8446","DUSP11","DUSP11","dual specificity phosphatase 11 [Source:HGNC Symbol;Acc:HGNC:3066]","ENTREZGENE_ACC"
"8503","PIK3R3","PIK3R3","phosphoinositide-3-kinase regulatory subunit 3 [Source:HGNC Symbol;Acc:HGNC:8981]","ENTREZGENE_ACC"
"8508","NIPSNAP1","NIPSNAP1","nipsnap homolog 1 [Source:HGNC Symbol;Acc:HGNC:7827]","ENTREZGENE_ACC"
"8518","ELP1","ELP1","elongator complex protein 1 [Source:HGNC Symbol;Acc:HGNC:5959]","ENTREZGENE_ACC"
"8520","HAT1","HAT1","histone acetyltransferase 1 [Source:HGNC Symbol;Acc:HGNC:4821]","ENTREZGENE_ACC"
"8550","MAPKAPK5","MAPKAPK5","MAPK activated protein kinase 5 [Source:HGNC Symbol;Acc:HGNC:6889]","ENTREZGENE_ACC"
"8553","BHLHE40","BHLHE40","basic helix-loop-helix family member e40 [Source:HGNC Symbol;Acc:HGNC:1046]","ENTREZGENE_ACC"
"8569","MKNK1","MKNK1","MAPK interacting serine/threonine kinase 1 [Source:HGNC Symbol;Acc:HGNC:7110]","ENTREZGENE_ACC"
"8573","CASK","CASK","calcium/calmodulin dependent serine protein kinase [Source:HGNC Symbol;Acc:HGNC:1497]","ENTREZGENE_ACC"
"8574","AKR7A2","AKR7A2","aldo-keto reductase family 7 member A2 [Source:HGNC Symbol;Acc:HGNC:389]","ENTREZGENE_ACC"
"8607","RUVBL1","RUVBL1","RuvB like AAA ATPase 1 [Source:HGNC Symbol;Acc:HGNC:10474]","ENTREZGENE_ACC"
"8624","PSMG1","PSMG1","proteasome assembly chaperone 1 [Source:HGNC Symbol;Acc:HGNC:3043]","ENTREZGENE_ACC"
"8678","BECN1","BECN1","beclin 1 [Source:HGNC Symbol;Acc:HGNC:1034]","ENTREZGENE_ACC"
"8720","MBTPS1","MBTPS1","membrane bound transcription factor peptidase, site 1 [Source:HGNC Symbol;Acc:HGNC:15456]","ENTREZGENE_ACC"
"8726","EED","EED","embryonic ectoderm development [Source:HGNC Symbol;Acc:HGNC:3188]","ENTREZGENE_ACC"
"8727","CTNNAL1","CTNNAL1","catenin alpha like 1 [Source:HGNC Symbol;Acc:HGNC:2512]","ENTREZGENE_ACC"
"8731","RNMT","RNMT","RNA guanine-7 methyltransferase [Source:HGNC Symbol;Acc:HGNC:10075]","ENTREZGENE_ACC"
"8804","CREG1","CREG1","cellular repressor of E1A stimulated genes 1 [Source:HGNC Symbol;Acc:HGNC:2351]","ENTREZGENE_ACC"
"8821","INPP4B","INPP4B","inositol polyphosphate-4-phosphatase type II B [Source:HGNC Symbol;Acc:HGNC:6075]","ENTREZGENE_ACC"
"8826","IQGAP1","IQGAP1","IQ motif containing GTPase activating protein 1 [Source:HGNC Symbol;Acc:HGNC:6110]","ENTREZGENE_ACC"
"8837","CFLAR","CFLAR","CASP8 and FADD like apoptosis regulator [Source:HGNC Symbol;Acc:HGNC:1876]","ENTREZGENE_ACC"
"8869","ST3GAL5","ST3GAL5","ST3 beta-galactoside alpha-2,3-sialyltransferase 5 [Source:HGNC Symbol;Acc:HGNC:10872]","ENTREZGENE_ACC"
"8878","SQSTM1","SQSTM1","sequestosome 1 [Source:HGNC Symbol;Acc:HGNC:11280]","ENTREZGENE_ACC"
"8884","SLC5A6","SLC5A6","solute carrier family 5 member 6 [Source:HGNC Symbol;Acc:HGNC:11041]","ENTREZGENE_ACC"
"8895","CPNE3","CPNE3","copine 3 [Source:HGNC Symbol;Acc:HGNC:2316]","ENTREZGENE_ACC"
"8914","TIMELESS","TIMELESS","timeless circadian regulator [Source:HGNC Symbol;Acc:HGNC:11813]","ENTREZGENE_ACC"
"8974","P4HA2","P4HA2","prolyl 4-hydroxylase subunit alpha 2 [Source:HGNC Symbol;Acc:HGNC:8547]","ENTREZGENE_ACC"
"8985","PLOD3","PLOD3","procollagen-lysine,2-oxoglutarate 5-dioxygenase 3 [Source:HGNC Symbol;Acc:HGNC:9083]","ENTREZGENE_ACC"
"8996","NOL3","NOL3","nucleolar protein 3 [Source:HGNC Symbol;Acc:HGNC:7869]","ENTREZGENE_ACC"
"9016","SLC25A14","SLC25A14","solute carrier family 25 member 14 [Source:HGNC Symbol;Acc:HGNC:10984]","ENTREZGENE_ACC"
"9019","MPZL1","MPZL1","myelin protein zero like 1 [Source:HGNC Symbol;Acc:HGNC:7226]","ENTREZGENE_ACC"
"9053","MAP7","MAP7","microtubule associated protein 7 [Source:HGNC Symbol;Acc:HGNC:6869]","ENTREZGENE_ACC"
"9093","DNAJA3","DNAJA3","DnaJ heat shock protein family (Hsp40) member A3 [Source:HGNC Symbol;Acc:HGNC:11808]","ENTREZGENE_ACC"
"9097","USP14","USP14","ubiquitin specific peptidase 14 [Source:HGNC Symbol;Acc:HGNC:12612]","ENTREZGENE_ACC"
"9112","MTA1","MTA1","metastasis associated 1 [Source:HGNC Symbol;Acc:HGNC:7410]","ENTREZGENE_ACC"
"9124","PDLIM1","PDLIM1","PDZ and LIM domain 1 [Source:HGNC Symbol;Acc:HGNC:2067]","ENTREZGENE_ACC"
"9126","SMC3","SMC3","structural maintenance of chromosomes 3 [Source:HGNC Symbol;Acc:HGNC:2468]","ENTREZGENE_ACC"
"9133","CCNB2","CCNB2","cyclin B2 [Source:HGNC Symbol;Acc:HGNC:1580]","ENTREZGENE_ACC"
"9134","CCNE2","CCNE2","cyclin E2 [Source:HGNC Symbol;Acc:HGNC:1590]","ENTREZGENE_ACC"
"9143","SYNGR3","SYNGR3","synaptogyrin 3 [Source:HGNC Symbol;Acc:HGNC:11501]","ENTREZGENE_ACC"
"9170","LPAR2","LPAR2","lysophosphatidic acid receptor 2 [Source:HGNC Symbol;Acc:HGNC:3168]","ENTREZGENE_ACC"
"9181","ARHGEF2","ARHGEF2","Rho/Rac guanine nucleotide exchange factor 2 [Source:HGNC Symbol;Acc:HGNC:682]","ENTREZGENE_ACC"
"9183","ZW10","ZW10","zw10 kinetochore protein [Source:HGNC Symbol;Acc:HGNC:13194]","ENTREZGENE_ACC"
"9212","AURKB","AURKB","aurora kinase B [Source:HGNC Symbol;Acc:HGNC:11390]","ENTREZGENE_ACC"
"9221","NOLC1","NOLC1","nucleolar and coiled-body phosphoprotein 1 [Source:HGNC Symbol;Acc:HGNC:15608]","ENTREZGENE_ACC"
"9246","UBE2L6","UBE2L6","ubiquitin conjugating enzyme E2 L6 [Source:HGNC Symbol;Acc:HGNC:12490]","ENTREZGENE_ACC"
"9261","MAPKAPK2","MAPKAPK2","MAPK activated protein kinase 2 [Source:HGNC Symbol;Acc:HGNC:6887]","ENTREZGENE_ACC"
"9267","CYTH1","CYTH1","cytohesin 1 [Source:HGNC Symbol;Acc:HGNC:9501]","ENTREZGENE_ACC"
"9270","ITGB1BP1","ITGB1BP1","integrin subunit beta 1 binding protein 1 [Source:HGNC Symbol;Acc:HGNC:23927]","ENTREZGENE_ACC"
"9275","BCL7B","BCL7B","BAF chromatin remodeling complex subunit BCL7B [Source:HGNC Symbol;Acc:HGNC:1005]","ENTREZGENE_ACC"
"9276","COPB2","COPB2","COPI coat complex subunit beta 2 [Source:HGNC Symbol;Acc:HGNC:2232]","ENTREZGENE_ACC"
"9289","ADGRG1","ADGRG1","adhesion G protein-coupled receptor G1 [Source:HGNC Symbol;Acc:HGNC:4512]","ENTREZGENE_ACC"
"9375","TM9SF2","TM9SF2","transmembrane 9 superfamily member 2 [Source:HGNC Symbol;Acc:HGNC:11865]","ENTREZGENE_ACC"
"9448","MAP4K4","MAP4K4","mitogen-activated protein kinase kinase kinase kinase 4 [Source:HGNC Symbol;Acc:HGNC:6866]","ENTREZGENE_ACC"
"9455","HOMER2","HOMER2","homer scaffold protein 2 [Source:HGNC Symbol;Acc:HGNC:17513]","ENTREZGENE_ACC"
"9467","SH3BP5","SH3BP5","SH3 domain binding protein 5 [Source:HGNC Symbol;Acc:HGNC:10827]","ENTREZGENE_ACC"
"9488","PIGB","PIGB","phosphatidylinositol glycan anchor biosynthesis class B [Source:HGNC Symbol;Acc:HGNC:8959]","ENTREZGENE_ACC"
"9491","PSMF1","PSMF1","proteasome inhibitor subunit 1 [Source:HGNC Symbol;Acc:HGNC:9571]","ENTREZGENE_ACC"
"9517","SPTLC2","SPTLC2","serine palmitoyltransferase long chain base subunit 2 [Source:HGNC Symbol;Acc:HGNC:11278]","ENTREZGENE_ACC"
"9519","TBPL1","TBPL1","TATA-box binding protein like 1 [Source:HGNC Symbol;Acc:HGNC:11589]","ENTREZGENE_ACC"
"9531","BAG3","BAG3","BAG cochaperone 3 [Source:HGNC Symbol;Acc:HGNC:939]","ENTREZGENE_ACC"
"9533","POLR1C","POLR1C","RNA polymerase I and III subunit C [Source:HGNC Symbol;Acc:HGNC:20194]","ENTREZGENE_ACC"
"9637","FEZ2","FEZ2","fasciculation and elongation protein zeta 2 [Source:HGNC Symbol;Acc:HGNC:3660]","ENTREZGENE_ACC"
"9653","HS2ST1","HS2ST1","heparan sulfate 2-O-sulfotransferase 1 [Source:HGNC Symbol;Acc:HGNC:5193]","ENTREZGENE_ACC"
"9670","IPO13","IPO13","importin 13 [Source:HGNC Symbol;Acc:HGNC:16853]","ENTREZGENE_ACC"
"9686","VGLL4","VGLL4","vestigial like family member 4 [Source:HGNC Symbol;Acc:HGNC:28966]","ENTREZGENE_ACC"
"9690","UBE3C","UBE3C","ubiquitin protein ligase E3C [Source:HGNC Symbol;Acc:HGNC:16803]","ENTREZGENE_ACC"
"9695","EDEM1","EDEM1","ER degradation enhancing alpha-mannosidase like protein 1 [Source:HGNC Symbol;Acc:HGNC:18967]","ENTREZGENE_ACC"
"9697","TRAM2","TRAM2","translocation associated membrane protein 2 [Source:HGNC Symbol;Acc:HGNC:16855]","ENTREZGENE_ACC"
"9702","CEP57","CEP57","centrosomal protein 57 [Source:HGNC Symbol;Acc:HGNC:30794]","ENTREZGENE_ACC"
"9703","KIAA0100","KIAA0100","KIAA0100 [Source:HGNC Symbol;Acc:HGNC:28960]","ENTREZGENE_ACC"
"9709","HERPUD1","HERPUD1","homocysteine inducible ER protein with ubiquitin like domain 1 [Source:HGNC Symbol;Acc:HGNC:13744]","ENTREZGENE_ACC"
"9710","GARRE1","GARRE1","granule associated Rac and RHOG effector 1 [Source:HGNC Symbol;Acc:HGNC:29016]","ENTREZGENE_ACC"
"9712","USP6NL","USP6NL","USP6 N-terminal like [Source:HGNC Symbol;Acc:HGNC:16858]","ENTREZGENE_ACC"
"9738","CCP110","CCP110","centriolar coiled-coil protein 110 [Source:HGNC Symbol;Acc:HGNC:24342]","ENTREZGENE_ACC"
"9761","MLEC","MLEC","malectin [Source:HGNC Symbol;Acc:HGNC:28973]","ENTREZGENE_ACC"
"9797","TATDN2","TATDN2","TatD DNase domain containing 2 [Source:HGNC Symbol;Acc:HGNC:28988]","ENTREZGENE_ACC"
"9801","MRPL19","MRPL19","mitochondrial ribosomal protein L19 [Source:HGNC Symbol;Acc:HGNC:14052]","ENTREZGENE_ACC"
"9805","SCRN1","SCRN1","secernin 1 [Source:HGNC Symbol;Acc:HGNC:22192]","ENTREZGENE_ACC"
"9813","EFCAB14","EFCAB14","EF-hand calcium binding domain 14 [Source:HGNC Symbol;Acc:HGNC:29051]","ENTREZGENE_ACC"
"9817","KEAP1","KEAP1","kelch like ECH associated protein 1 [Source:HGNC Symbol;Acc:HGNC:23177]","ENTREZGENE_ACC"
"9833","MELK","MELK","maternal embryonic leucine zipper kinase [Source:HGNC Symbol;Acc:HGNC:16870]","ENTREZGENE_ACC"
"9842","PLEKHM1","PLEKHM1","pleckstrin homology and RUN domain containing M1 [Source:HGNC Symbol;Acc:HGNC:29017]","ENTREZGENE_ACC"
"9847","C2CD5","C2CD5","C2 calcium dependent domain containing 5 [Source:HGNC Symbol;Acc:HGNC:29062]","ENTREZGENE_ACC"
"9851","KIAA0753","KIAA0753","KIAA0753 [Source:HGNC Symbol;Acc:HGNC:29110]","ENTREZGENE_ACC"
"9854","C2CD2L","C2CD2L","C2CD2 like [Source:HGNC Symbol;Acc:HGNC:29000]","ENTREZGENE_ACC"
"9868","TOMM70","TOMM70","translocase of outer mitochondrial membrane 70 [Source:HGNC Symbol;Acc:HGNC:11985]","ENTREZGENE_ACC"
"9897","WASHC5","WASHC5","WASH complex subunit 5 [Source:HGNC Symbol;Acc:HGNC:28984]","ENTREZGENE_ACC"
"9903","KLHL21","KLHL21","kelch like family member 21 [Source:HGNC Symbol;Acc:HGNC:29041]","ENTREZGENE_ACC"
"9917","FAM20B","FAM20B","FAM20B glycosaminoglycan xylosylkinase [Source:HGNC Symbol;Acc:HGNC:23017]","ENTREZGENE_ACC"
"9918","NCAPD2","NCAPD2","non-SMC condensin I complex subunit D2 [Source:HGNC Symbol;Acc:HGNC:24305]","ENTREZGENE_ACC"
"9924","PAN2","PAN2","poly(A) specific ribonuclease subunit PAN2 [Source:HGNC Symbol;Acc:HGNC:20074]","ENTREZGENE_ACC"
"9926","LPGAT1","LPGAT1","lysophosphatidylglycerol acyltransferase 1 [Source:HGNC Symbol;Acc:HGNC:28985]","ENTREZGENE_ACC"
"9928","KIF14","KIF14","kinesin family member 14 [Source:HGNC Symbol;Acc:HGNC:19181]","ENTREZGENE_ACC"
"9943","OXSR1","OXSR1","oxidative stress responsive kinase 1 [Source:HGNC Symbol;Acc:HGNC:8508]","ENTREZGENE_ACC"
"9961","MVP","MVP","major vault protein [Source:HGNC Symbol;Acc:HGNC:7531]","ENTREZGENE_ACC"
"9988","DMTF1","DMTF1","cyclin D binding myb like transcription factor 1 [Source:HGNC Symbol;Acc:HGNC:14603]","ENTREZGENE_ACC"
"10007","GNPDA1","GNPDA1","glucosamine-6-phosphate deaminase 1 [Source:HGNC Symbol;Acc:HGNC:4417]","ENTREZGENE_ACC"
"10013","HDAC6","HDAC6","histone deacetylase 6 [Source:HGNC Symbol;Acc:HGNC:14064]","ENTREZGENE_ACC"
"10038","PARP2","PARP2","poly(ADP-ribose) polymerase 2 [Source:HGNC Symbol;Acc:HGNC:272]","ENTREZGENE_ACC"
"10046","MAMLD1","MAMLD1","mastermind like domain containing 1 [Source:HGNC Symbol;Acc:HGNC:2568]","ENTREZGENE_ACC"
"10049","DNAJB6","DNAJB6","DnaJ heat shock protein family (Hsp40) member B6 [Source:HGNC Symbol;Acc:HGNC:14888]","ENTREZGENE_ACC"
"10051","SMC4","SMC4","structural maintenance of chromosomes 4 [Source:HGNC Symbol;Acc:HGNC:14013]","ENTREZGENE_ACC"
"10057","ABCC5","ABCC5","ATP binding cassette subfamily C member 5 [Source:HGNC Symbol;Acc:HGNC:56]","ENTREZGENE_ACC"
"10058","ABCB6","ABCB6","ATP binding cassette subfamily B member 6 (Langereis blood group) [Source:HGNC Symbol;Acc:HGNC:47]","ENTREZGENE_ACC"
"10059","DNM1L","DNM1L","dynamin 1 like [Source:HGNC Symbol;Acc:HGNC:2973]","ENTREZGENE_ACC"
"10099","TSPAN3","TSPAN3","tetraspanin 3 [Source:HGNC Symbol;Acc:HGNC:17752]","ENTREZGENE_ACC"
"10112","KIF20A","KIF20A","kinesin family member 20A [Source:HGNC Symbol;Acc:HGNC:9787]","ENTREZGENE_ACC"
"10123","ARL4C","ARL4C","ADP ribosylation factor like GTPase 4C [Source:HGNC Symbol;Acc:HGNC:698]","ENTREZGENE_ACC"
"10131","TRAP1","TRAP1","TNF receptor associated protein 1 [Source:HGNC Symbol;Acc:HGNC:16264]","ENTREZGENE_ACC"
"10150","MBNL2","MBNL2","muscleblind like splicing regulator 2 [Source:HGNC Symbol;Acc:HGNC:16746]","ENTREZGENE_ACC"
"10153","CEBPZ","CEBPZ","CCAAT enhancer binding protein zeta [Source:HGNC Symbol;Acc:HGNC:24218]","ENTREZGENE_ACC"
"10165","SLC25A13","SLC25A13","solute carrier family 25 member 13 [Source:HGNC Symbol;Acc:HGNC:10983]","ENTREZGENE_ACC"
"10180","RBM6","RBM6","RNA binding motif protein 6 [Source:HGNC Symbol;Acc:HGNC:9903]","ENTREZGENE_ACC"
"10190","TXNDC9","TXNDC9","thioredoxin domain containing 9 [Source:HGNC Symbol;Acc:HGNC:24110]","ENTREZGENE_ACC"
"10206","TRIM13","TRIM13","tripartite motif containing 13 [Source:HGNC Symbol;Acc:HGNC:9976]","ENTREZGENE_ACC"
"10221","TRIB1","TRIB1","tribbles pseudokinase 1 [Source:HGNC Symbol;Acc:HGNC:16891]","ENTREZGENE_ACC"
"10245","TIMM17B","TIMM17B","translocase of inner mitochondrial membrane 17B [Source:HGNC Symbol;Acc:HGNC:17310]","ENTREZGENE_ACC"
"10270","AKAP8","AKAP8","A-kinase anchoring protein 8 [Source:HGNC Symbol;Acc:HGNC:378]","ENTREZGENE_ACC"
"10273","STUB1","STUB1","STIP1 homology and U-box containing protein 1 [Source:HGNC Symbol;Acc:HGNC:11427]","ENTREZGENE_ACC"
"10276","NET1","NET1","neuroepithelial cell transforming 1 [Source:HGNC Symbol;Acc:HGNC:14592]","ENTREZGENE_ACC"
"10285","SMNDC1","SMNDC1","survival motor neuron domain containing 1 [Source:HGNC Symbol;Acc:HGNC:16900]","ENTREZGENE_ACC"
"10298","PAK4","PAK4","p21 (RAC1) activated kinase 4 [Source:HGNC Symbol;Acc:HGNC:16059]","ENTREZGENE_ACC"
"10318","TNIP1","TNIP1","TNFAIP3 interacting protein 1 [Source:HGNC Symbol;Acc:HGNC:16903]","ENTREZGENE_ACC"
"10329","RXYLT1","RXYLT1","ribitol xylosyltransferase 1 [Source:HGNC Symbol;Acc:HGNC:13530]","ENTREZGENE_ACC"
"10362","HMG20B","HMG20B","high mobility group 20B [Source:HGNC Symbol;Acc:HGNC:5002]","ENTREZGENE_ACC"
"10398","MYL9","MYL9","myosin light chain 9 [Source:HGNC Symbol;Acc:HGNC:15754]","ENTREZGENE_ACC"
"10434","LYPLA1","LYPLA1","lysophospholipase 1 [Source:HGNC Symbol;Acc:HGNC:6737]","ENTREZGENE_ACC"
"10450","PPIE","PPIE","peptidylprolyl isomerase E [Source:HGNC Symbol;Acc:HGNC:9258]","ENTREZGENE_ACC"
"10489","LRRC41","LRRC41","leucine rich repeat containing 41 [Source:HGNC Symbol;Acc:HGNC:16917]","ENTREZGENE_ACC"
"10491","CRTAP","CRTAP","cartilage associated protein [Source:HGNC Symbol;Acc:HGNC:2379]","ENTREZGENE_ACC"
"10493","VAT1","VAT1","vesicle amine transport 1 [Source:HGNC Symbol;Acc:HGNC:16919]","ENTREZGENE_ACC"
"10494","STK25","STK25","serine/threonine kinase 25 [Source:HGNC Symbol;Acc:HGNC:11404]","ENTREZGENE_ACC"
"10513","APPBP2","APPBP2","amyloid beta precursor protein binding protein 2 [Source:HGNC Symbol;Acc:HGNC:622]","ENTREZGENE_ACC"
"10523","CHERP","CHERP","calcium homeostasis endoplasmic reticulum protein [Source:HGNC Symbol;Acc:HGNC:16930]","ENTREZGENE_ACC"
"10525","HYOU1","HYOU1","hypoxia up-regulated 1 [Source:HGNC Symbol;Acc:HGNC:16931]","ENTREZGENE_ACC"
"10557","RPP38","RPP38","ribonuclease P/MRP subunit p38 [Source:HGNC Symbol;Acc:HGNC:30329]","ENTREZGENE_ACC"
"10589","DRAP1","DRAP1","DR1 associated protein 1 [Source:HGNC Symbol;Acc:HGNC:3019]","ENTREZGENE_ACC"
"10606","PAICS","PAICS","phosphoribosylaminoimidazole carboxylase and phosphoribosylaminoimidazolesuccinocarboxamide synthase [Source:HGNC Symbol;Acc:HGNC:8587]","ENTREZGENE_ACC"
"10641","NPRL2","NPRL2","NPR2 like, GATOR1 complex subunit [Source:HGNC Symbol;Acc:HGNC:24969]","ENTREZGENE_ACC"
"10652","YKT6","YKT6","YKT6 v-SNARE homolog [Source:HGNC Symbol;Acc:HGNC:16959]","ENTREZGENE_ACC"
"10668","CGRRF1","CGRRF1","cell growth regulator with ring finger domain 1 [Source:HGNC Symbol;Acc:HGNC:15528]","ENTREZGENE_ACC"
"10670","RRAGA","RRAGA","Ras related GTP binding A [Source:HGNC Symbol;Acc:HGNC:16963]","ENTREZGENE_ACC"
"10681","GNB5","GNB5","G protein subunit beta 5 [Source:HGNC Symbol;Acc:HGNC:4401]","ENTREZGENE_ACC"
"10682","EBP","EBP","EBP cholestenol delta-isomerase [Source:HGNC Symbol;Acc:HGNC:3133]","ENTREZGENE_ACC"
"10695","CNPY3","CNPY3","canopy FGF signaling regulator 3 [Source:HGNC Symbol;Acc:HGNC:11968]","ENTREZGENE_ACC"
"10730","YME1L1","YME1L1","YME1 like 1 ATPase [Source:HGNC Symbol;Acc:HGNC:12843]","ENTREZGENE_ACC"
"10732","TCFL5","TCFL5","transcription factor like 5 [Source:HGNC Symbol;Acc:HGNC:11646]","ENTREZGENE_ACC"
"10765","KDM5B","KDM5B","lysine demethylase 5B [Source:HGNC Symbol;Acc:HGNC:18039]","ENTREZGENE_ACC"
"10776","ARPP19","ARPP19","cAMP regulated phosphoprotein 19 [Source:HGNC Symbol;Acc:HGNC:16967]","ENTREZGENE_ACC"
"10782","ZNF274","ZNF274","zinc finger protein 274 [Source:HGNC Symbol;Acc:HGNC:13068]","ENTREZGENE_ACC"
"10797","MTHFD2","MTHFD2","methylenetetrahydrofolate dehydrogenase (NADP+ dependent) 2, methenyltetrahydrofolate cyclohydrolase [Source:HGNC Symbol;Acc:HGNC:7434]","ENTREZGENE_ACC"
"10810","WASF3","WASF3","WASP family member 3 [Source:HGNC Symbol;Acc:HGNC:12734]","ENTREZGENE_ACC"
"10845","CLPX","CLPX","caseinolytic mitochondrial matrix peptidase chaperone subunit X [Source:HGNC Symbol;Acc:HGNC:2088]","ENTREZGENE_ACC"
"10857","PGRMC1","PGRMC1","progesterone receptor membrane component 1 [Source:HGNC Symbol;Acc:HGNC:16090]","ENTREZGENE_ACC"
"10892","MALT1","MALT1","MALT1 paracaspase [Source:HGNC Symbol;Acc:HGNC:6819]","ENTREZGENE_ACC"
"10898","CPSF4","CPSF4","cleavage and polyadenylation specific factor 4 [Source:HGNC Symbol;Acc:HGNC:2327]","ENTREZGENE_ACC"
"10904","BLCAP","BLCAP","BLCAP apoptosis inducing factor [Source:HGNC Symbol;Acc:HGNC:1055]","ENTREZGENE_ACC"
"10915","TCERG1","TCERG1","transcription elongation regulator 1 [Source:HGNC Symbol;Acc:HGNC:15630]","ENTREZGENE_ACC"
"10921","RNPS1","RNPS1","RNA binding protein with serine rich domain 1 [Source:HGNC Symbol;Acc:HGNC:10080]","ENTREZGENE_ACC"
"10953","TOMM34","TOMM34","translocase of outer mitochondrial membrane 34 [Source:HGNC Symbol;Acc:HGNC:15746]","ENTREZGENE_ACC"
"10954","PDIA5","PDIA5","protein disulfide isomerase family A member 5 [Source:HGNC Symbol;Acc:HGNC:24811]","ENTREZGENE_ACC"
"10962","MLLT11","MLLT11","MLLT11 transcription factor 7 cofactor [Source:HGNC Symbol;Acc:HGNC:16997]","ENTREZGENE_ACC"
"10969","EBNA1BP2","EBNA1BP2","EBNA1 binding protein 2 [Source:HGNC Symbol;Acc:HGNC:15531]","ENTREZGENE_ACC"
"10972","TMED10","TMED10","transmembrane p24 trafficking protein 10 [Source:HGNC Symbol;Acc:HGNC:16998]","ENTREZGENE_ACC"
"10973","ASCC3","ASCC3","activating signal cointegrator 1 complex subunit 3 [Source:HGNC Symbol;Acc:HGNC:18697]","ENTREZGENE_ACC"
"11000","SLC27A3","SLC27A3","solute carrier family 27 member 3 [Source:HGNC Symbol;Acc:HGNC:10997]","ENTREZGENE_ACC"
"11007","CCDC85B","CCDC85B","coiled-coil domain containing 85B [Source:HGNC Symbol;Acc:HGNC:24926]","ENTREZGENE_ACC"
"11011","TLK2","TLK2","tousled like kinase 2 [Source:HGNC Symbol;Acc:HGNC:11842]","ENTREZGENE_ACC"
"11031","RAB31","RAB31","RAB31, member RAS oncogene family [Source:HGNC Symbol;Acc:HGNC:9771]","ENTREZGENE_ACC"
"11041","B4GAT1","B4GAT1","beta-1,4-glucuronyltransferase 1 [Source:HGNC Symbol;Acc:HGNC:15685]","ENTREZGENE_ACC"
"11044","TENT4A","TENT4A","terminal nucleotidyltransferase 4A [Source:HGNC Symbol;Acc:HGNC:16705]","ENTREZGENE_ACC"
"11065","UBE2C","UBE2C","ubiquitin conjugating enzyme E2 C [Source:HGNC Symbol;Acc:HGNC:15937]","ENTREZGENE_ACC"
"11073","TOPBP1","TOPBP1","DNA topoisomerase II binding protein 1 [Source:HGNC Symbol;Acc:HGNC:17008]","ENTREZGENE_ACC"
"11098","PRSS23","PRSS23","serine protease 23 [Source:HGNC Symbol;Acc:HGNC:14370]","ENTREZGENE_ACC"
"11137","PWP1","PWP1","PWP1 homolog, endonuclein [Source:HGNC Symbol;Acc:HGNC:17015]","ENTREZGENE_ACC"
"11142","PKIG","PKIG","cAMP-dependent protein kinase inhibitor gamma [Source:HGNC Symbol;Acc:HGNC:9019]","ENTREZGENE_ACC"
"11151","CORO1A","CORO1A","coronin 1A [Source:HGNC Symbol;Acc:HGNC:2252]","ENTREZGENE_ACC"
"11157","LSM6","LSM6","LSM6 homolog, U6 small nuclear RNA and mRNA degradation associated [Source:HGNC Symbol;Acc:HGNC:17017]","ENTREZGENE_ACC"
"11168","PSIP1","PSIP1","PC4 and SFRS1 interacting protein 1 [Source:HGNC Symbol;Acc:HGNC:9527]","ENTREZGENE_ACC"
"11188","NISCH","NISCH","nischarin [Source:HGNC Symbol;Acc:HGNC:18006]","ENTREZGENE_ACC"
"11200","CHEK2","CHEK2","checkpoint kinase 2 [Source:HGNC Symbol;Acc:HGNC:16627]","ENTREZGENE_ACC"
"11230","PRAF2","PRAF2","PRA1 domain family member 2 [Source:HGNC Symbol;Acc:HGNC:28911]","ENTREZGENE_ACC"
"11232","POLG2","POLG2","DNA polymerase gamma 2, accessory subunit [Source:HGNC Symbol;Acc:HGNC:9180]","ENTREZGENE_ACC"
"11284","PNKP","PNKP","polynucleotide kinase 3'-phosphatase [Source:HGNC Symbol;Acc:HGNC:9154]","ENTREZGENE_ACC"
"11319","ECD","ECD","ecdysoneless cell cycle regulator [Source:HGNC Symbol;Acc:HGNC:17029]","ENTREZGENE_ACC"
"11325","DDX42","DDX42","DEAD-box helicase 42 [Source:HGNC Symbol;Acc:HGNC:18676]","ENTREZGENE_ACC"
"11344","TWF2","TWF2","twinfilin actin binding protein 2 [Source:HGNC Symbol;Acc:HGNC:9621]","ENTREZGENE_ACC"
"22809","ATF5","ATF5","activating transcription factor 5 [Source:HGNC Symbol;Acc:HGNC:790]","ENTREZGENE_ACC"
"22823","MTF2","MTF2","metal response element binding transcription factor 2 [Source:HGNC Symbol;Acc:HGNC:29535]","ENTREZGENE_ACC"
"22827","PUF60","PUF60","poly(U) binding splicing factor 60 [Source:HGNC Symbol;Acc:HGNC:17042]","ENTREZGENE_ACC"
"22883","CLSTN1","CLSTN1","calsyntenin 1 [Source:HGNC Symbol;Acc:HGNC:17447]","ENTREZGENE_ACC"
"22887","FOXJ3","FOXJ3","forkhead box J3 [Source:HGNC Symbol;Acc:HGNC:29178]","ENTREZGENE_ACC"
"22889","KHDC4","KHDC4","KH domain containing 4, pre-mRNA splicing factor [Source:HGNC Symbol;Acc:HGNC:29145]","ENTREZGENE_ACC"
"22934","RPIA","RPIA","ribose 5-phosphate isomerase A [Source:HGNC Symbol;Acc:HGNC:10297]","ENTREZGENE_ACC"
"23011","RAB21","RAB21","RAB21, member RAS oncogene family [Source:HGNC Symbol;Acc:HGNC:18263]","ENTREZGENE_ACC"
"23013","SPEN","SPEN","spen family transcriptional repressor [Source:HGNC Symbol;Acc:HGNC:17575]","ENTREZGENE_ACC"
"23014","FBXO21","FBXO21","F-box protein 21 [Source:HGNC Symbol;Acc:HGNC:13592]","ENTREZGENE_ACC"
"23038","WDTC1","WDTC1","WD and tetratricopeptide repeats 1 [Source:HGNC Symbol;Acc:HGNC:29175]","ENTREZGENE_ACC"
"23039","XPO7","XPO7","exportin 7 [Source:HGNC Symbol;Acc:HGNC:14108]","ENTREZGENE_ACC"
"23061","TBC1D9B","TBC1D9B","TBC1 domain family member 9B [Source:HGNC Symbol;Acc:HGNC:29097]","ENTREZGENE_ACC"
"23076","RRP1B","RRP1B","ribosomal RNA processing 1B [Source:HGNC Symbol;Acc:HGNC:23818]","ENTREZGENE_ACC"
"23077","MYCBP2","MYCBP2","MYC binding protein 2 [Source:HGNC Symbol;Acc:HGNC:23386]","ENTREZGENE_ACC"
"23097","CDK19","CDK19","cyclin dependent kinase 19 [Source:HGNC Symbol;Acc:HGNC:19338]","ENTREZGENE_ACC"
"23139","MAST2","MAST2","microtubule associated serine/threonine kinase 2 [Source:HGNC Symbol;Acc:HGNC:19035]","ENTREZGENE_ACC"
"23142","DCUN1D4","DCUN1D4","defective in cullin neddylation 1 domain containing 4 [Source:HGNC Symbol;Acc:HGNC:28998]","ENTREZGENE_ACC"
"23200","ATP11B","ATP11B","ATPase phospholipid transporting 11B (putative) [Source:HGNC Symbol;Acc:HGNC:13553]","ENTREZGENE_ACC"
"23223","RRP12","RRP12","ribosomal RNA processing 12 homolog [Source:HGNC Symbol;Acc:HGNC:29100]","ENTREZGENE_ACC"
"23224","SYNE2","SYNE2","spectrin repeat containing nuclear envelope protein 2 [Source:HGNC Symbol;Acc:HGNC:17084]","ENTREZGENE_ACC"
"23271","CAMSAP2","CAMSAP2","calmodulin regulated spectrin associated protein family member 2 [Source:HGNC Symbol;Acc:HGNC:29188]","ENTREZGENE_ACC"
"23300","ATMIN","ATMIN","ATM interactor [Source:HGNC Symbol;Acc:HGNC:29034]","ENTREZGENE_ACC"
"23326","USP22","USP22","ubiquitin specific peptidase 22 [Source:HGNC Symbol;Acc:HGNC:12621]","ENTREZGENE_ACC"
"23338","JADE2","JADE2","jade family PHD finger 2 [Source:HGNC Symbol;Acc:HGNC:22984]","ENTREZGENE_ACC"
"23365","ARHGEF12","ARHGEF12","Rho guanine nucleotide exchange factor 12 [Source:HGNC Symbol;Acc:HGNC:14193]","ENTREZGENE_ACC"
"23386","NUDCD3","NUDCD3","NudC domain containing 3 [Source:HGNC Symbol;Acc:HGNC:22208]","ENTREZGENE_ACC"
"23410","SIRT3","SIRT3","sirtuin 3 [Source:HGNC Symbol;Acc:HGNC:14931]","ENTREZGENE_ACC"
"23443","SLC35A3","SLC35A3","solute carrier family 35 member A3 [Source:HGNC Symbol;Acc:HGNC:11023]","ENTREZGENE_ACC"
"23463","ICMT","ICMT","isoprenylcysteine carboxyl methyltransferase [Source:HGNC Symbol;Acc:HGNC:5350]","ENTREZGENE_ACC"
"23499","MACF1","MACF1","microtubule actin crosslinking factor 1 [Source:HGNC Symbol;Acc:HGNC:13664]","ENTREZGENE_ACC"
"23530","NNT","NNT","nicotinamide nucleotide transhydrogenase [Source:HGNC Symbol;Acc:HGNC:7863]","ENTREZGENE_ACC"
"23588","KLHDC2","KLHDC2","kelch domain containing 2 [Source:HGNC Symbol;Acc:HGNC:20231]","ENTREZGENE_ACC"
"23597","ACOT9","ACOT9","acyl-CoA thioesterase 9 [Source:HGNC Symbol;Acc:HGNC:17152]","ENTREZGENE_ACC"
"23658","LSM5","LSM5","LSM5 homolog, U6 small nuclear RNA and mRNA degradation associated [Source:HGNC Symbol;Acc:HGNC:17162]","ENTREZGENE_ACC"
"23659","PLA2G15","PLA2G15","phospholipase A2 group XV [Source:HGNC Symbol;Acc:HGNC:17163]","ENTREZGENE_ACC"
"23670","CEMIP2","CEMIP2","cell migration inducing hyaluronidase 2 [Source:HGNC Symbol;Acc:HGNC:11869]","ENTREZGENE_ACC"
"24149","ZNF318","ZNF318","zinc finger protein 318 [Source:HGNC Symbol;Acc:HGNC:13578]","ENTREZGENE_ACC"
"25793","FBXO7","FBXO7","F-box protein 7 [Source:HGNC Symbol;Acc:HGNC:13586]","ENTREZGENE_ACC"
"25805","BAMBI","BAMBI","BMP and activin membrane bound inhibitor [Source:HGNC Symbol;Acc:HGNC:30251]","ENTREZGENE_ACC"
"25825","BACE2","BACE2","beta-secretase 2 [Source:HGNC Symbol;Acc:HGNC:934]","ENTREZGENE_ACC"
"25874","MPC2","MPC2","mitochondrial pyruvate carrier 2 [Source:HGNC Symbol;Acc:HGNC:24515]","ENTREZGENE_ACC"
"25932","CLIC4","CLIC4","chloride intracellular channel 4 [Source:HGNC Symbol;Acc:HGNC:13518]","ENTREZGENE_ACC"
"25966","C2CD2","C2CD2","C2 calcium dependent domain containing 2 [Source:HGNC Symbol;Acc:HGNC:1266]","ENTREZGENE_ACC"
"25976","TIPARP","TIPARP","TCDD inducible poly(ADP-ribose) polymerase [Source:HGNC Symbol;Acc:HGNC:23696]","ENTREZGENE_ACC"
"25987","TSKU","TSKU","tsukushi, small leucine rich proteoglycan [Source:HGNC Symbol;Acc:HGNC:28850]","ENTREZGENE_ACC"
"26001","RNF167","RNF167","ring finger protein 167 [Source:HGNC Symbol;Acc:HGNC:24544]","ENTREZGENE_ACC"
"26020","LRP10","LRP10","LDL receptor related protein 10 [Source:HGNC Symbol;Acc:HGNC:14553]","ENTREZGENE_ACC"
"26064","RAI14","RAI14","retinoic acid induced 14 [Source:HGNC Symbol;Acc:HGNC:14873]","ENTREZGENE_ACC"
"26128","KIFBP","KIFBP","kinesin family binding protein [Source:HGNC Symbol;Acc:HGNC:23419]","ENTREZGENE_ACC"
"26136","TES","TES","testin LIM domain protein [Source:HGNC Symbol;Acc:HGNC:14620]","ENTREZGENE_ACC"
"26227","PHGDH","PHGDH","phosphoglycerate dehydrogenase [Source:HGNC Symbol;Acc:HGNC:8923]","ENTREZGENE_ACC"
"26511","CHIC2","CHIC2","cysteine rich hydrophobic domain 2 [Source:HGNC Symbol;Acc:HGNC:1935]","ENTREZGENE_ACC"
"26520","TIMM9","TIMM9","translocase of inner mitochondrial membrane 9 [Source:HGNC Symbol;Acc:HGNC:11819]","ENTREZGENE_ACC"
"27032","ATP2C1","ATP2C1","ATPase secretory pathway Ca2+ transporting 1 [Source:HGNC Symbol;Acc:HGNC:13211]","ENTREZGENE_ACC"
"27242","TNFRSF21","TNFRSF21","TNF receptor superfamily member 21 [Source:HGNC Symbol;Acc:HGNC:13469]","ENTREZGENE_ACC"
"27244","SESN1","SESN1","sestrin 1 [Source:HGNC Symbol;Acc:HGNC:21595]","ENTREZGENE_ACC"
"27336","HTATSF1","HTATSF1","HIV-1 Tat specific factor 1 [Source:HGNC Symbol;Acc:HGNC:5276]","ENTREZGENE_ACC"
"27346","TMEM97","TMEM97","transmembrane protein 97 [Source:HGNC Symbol;Acc:HGNC:28106]","ENTREZGENE_ACC"
"28969","BZW2","BZW2","basic leucine zipper and W2 domains 2 [Source:HGNC Symbol;Acc:HGNC:18808]","ENTREZGENE_ACC"
"29103","DNAJC15","DNAJC15","DnaJ heat shock protein family (Hsp40) member C15 [Source:HGNC Symbol;Acc:HGNC:20325]","ENTREZGENE_ACC"
"29763","PACSIN3","PACSIN3","protein kinase C and casein kinase substrate in neurons 3 [Source:HGNC Symbol;Acc:HGNC:8572]","ENTREZGENE_ACC"
"29890","RBM15B","RBM15B","RNA binding motif protein 15B [Source:HGNC Symbol;Acc:HGNC:24303]","ENTREZGENE_ACC"
"29916","SNX11","SNX11","sorting nexin 11 [Source:HGNC Symbol;Acc:HGNC:14975]","ENTREZGENE_ACC"
"29928","TIMM22","TIMM22","translocase of inner mitochondrial membrane 22 [Source:HGNC Symbol;Acc:HGNC:17317]","ENTREZGENE_ACC"
"29937","NENF","NENF","neudesin neurotrophic factor [Source:HGNC Symbol;Acc:HGNC:30384]","ENTREZGENE_ACC"
"29978","UBQLN2","UBQLN2","ubiquilin 2 [Source:HGNC Symbol;Acc:HGNC:12509]","ENTREZGENE_ACC"
"30001","ERO1A","ERO1A","endoplasmic reticulum oxidoreductase 1 alpha [Source:HGNC Symbol;Acc:HGNC:13280]","ENTREZGENE_ACC"
"30836","DNTTIP2","DNTTIP2","deoxynucleotidyltransferase terminal interacting protein 2 [Source:HGNC Symbol;Acc:HGNC:24013]","ENTREZGENE_ACC"
"50810","HDGFL3","HDGFL3","HDGF like 3 [Source:HGNC Symbol;Acc:HGNC:24937]","ENTREZGENE_ACC"
"50813","COPS7A","COPS7A","COP9 signalosome subunit 7A [Source:HGNC Symbol;Acc:HGNC:16758]","ENTREZGENE_ACC"
"50814","NSDHL","NSDHL","NAD(P) dependent steroid dehydrogenase-like [Source:HGNC Symbol;Acc:HGNC:13398]","ENTREZGENE_ACC"
"50865","HEBP1","HEBP1","heme binding protein 1 [Source:HGNC Symbol;Acc:HGNC:17176]","ENTREZGENE_ACC"
"51001","MTERF3","MTERF3","mitochondrial transcription termination factor 3 [Source:HGNC Symbol;Acc:HGNC:24258]","ENTREZGENE_ACC"
"51005","AMDHD2","AMDHD2","amidohydrolase domain containing 2 [Source:HGNC Symbol;Acc:HGNC:24262]","ENTREZGENE_ACC"
"51015","ISOC1","ISOC1","isochorismatase domain containing 1 [Source:HGNC Symbol;Acc:HGNC:24254]","ENTREZGENE_ACC"
"51021","MRPS16","MRPS16","mitochondrial ribosomal protein S16 [Source:HGNC Symbol;Acc:HGNC:14048]","ENTREZGENE_ACC"
"51024","FIS1","FIS1","fission, mitochondrial 1 [Source:HGNC Symbol;Acc:HGNC:21689]","ENTREZGENE_ACC"
"51026","GOLT1B","GOLT1B","golgi transport 1B [Source:HGNC Symbol;Acc:HGNC:20175]","ENTREZGENE_ACC"
"51031","GLOD4","GLOD4","glyoxalase domain containing 4 [Source:HGNC Symbol;Acc:HGNC:14111]","ENTREZGENE_ACC"
"51053","GMNN","GMNN","geminin DNA replication inhibitor [Source:HGNC Symbol;Acc:HGNC:17493]","ENTREZGENE_ACC"
"51056","LAP3","LAP3","leucine aminopeptidase 3 [Source:HGNC Symbol;Acc:HGNC:18449]","ENTREZGENE_ACC"
"51070","NOSIP","NOSIP","nitric oxide synthase interacting protein [Source:HGNC Symbol;Acc:HGNC:17946]","ENTREZGENE_ACC"
"51071","DERA","DERA","deoxyribose-phosphate aldolase [Source:HGNC Symbol;Acc:HGNC:24269]","ENTREZGENE_ACC"
"51097","SCCPDH","SCCPDH","saccharopine dehydrogenase (putative) [Source:HGNC Symbol;Acc:HGNC:24275]","ENTREZGENE_ACC"
"51116","MRPS2","MRPS2","mitochondrial ribosomal protein S2 [Source:HGNC Symbol;Acc:HGNC:14495]","ENTREZGENE_ACC"
"51160","VPS28","VPS28","VPS28 subunit of ESCRT-I [Source:HGNC Symbol;Acc:HGNC:18178]","ENTREZGENE_ACC"
"51170","HSD17B11","HSD17B11","hydroxysteroid 17-beta dehydrogenase 11 [Source:HGNC Symbol;Acc:HGNC:22960]","ENTREZGENE_ACC"
"51203","NUSAP1","NUSAP1","nucleolar and spindle associated protein 1 [Source:HGNC Symbol;Acc:HGNC:18538]","ENTREZGENE_ACC"
"51293","CD320","CD320","CD320 molecule [Source:HGNC Symbol;Acc:HGNC:16692]","ENTREZGENE_ACC"
"51375","SNX7","SNX7","sorting nexin 7 [Source:HGNC Symbol;Acc:HGNC:14971]","ENTREZGENE_ACC"
"51382","ATP6V1D","ATP6V1D","ATPase H+ transporting V1 subunit D [Source:HGNC Symbol;Acc:HGNC:13527]","ENTREZGENE_ACC"
"51385","ZNF589","ZNF589","zinc finger protein 589 [Source:HGNC Symbol;Acc:HGNC:16747]","ENTREZGENE_ACC"
"51422","PRKAG2","PRKAG2","protein kinase AMP-activated non-catalytic subunit gamma 2 [Source:HGNC Symbol;Acc:HGNC:9386]","ENTREZGENE_ACC"
"51465","UBE2J1","UBE2J1","ubiquitin conjugating enzyme E2 J1 [Source:HGNC Symbol;Acc:HGNC:17598]","ENTREZGENE_ACC"
"51466","EVL","EVL","Enah/Vasp-like [Source:HGNC Symbol;Acc:HGNC:20234]","ENTREZGENE_ACC"
"51495","HACD3","HACD3","3-hydroxyacyl-CoA dehydratase 3 [Source:HGNC Symbol;Acc:HGNC:24175]","ENTREZGENE_ACC"
"51569","UFM1","UFM1","ubiquitin fold modifier 1 [Source:HGNC Symbol;Acc:HGNC:20597]","ENTREZGENE_ACC"
"51599","LSR","LSR","lipolysis stimulated lipoprotein receptor [Source:HGNC Symbol;Acc:HGNC:29572]","ENTREZGENE_ACC"
"51635","DHRS7","DHRS7","dehydrogenase/reductase 7 [Source:HGNC Symbol;Acc:HGNC:21524]","ENTREZGENE_ACC"
"54205","CYCS","CYCS","cytochrome c, somatic [Source:HGNC Symbol;Acc:HGNC:19986]","ENTREZGENE_ACC"
"54386","TERF2IP","TERF2IP","TERF2 interacting protein [Source:HGNC Symbol;Acc:HGNC:19246]","ENTREZGENE_ACC"
"54442","KCTD5","KCTD5","potassium channel tetramerization domain containing 5 [Source:HGNC Symbol;Acc:HGNC:21423]","ENTREZGENE_ACC"
"54499","TMCO1","TMCO1","transmembrane and coiled-coil domains 1 [Source:HGNC Symbol;Acc:HGNC:18188]","ENTREZGENE_ACC"
"54512","EXOSC4","EXOSC4","exosome component 4 [Source:HGNC Symbol;Acc:HGNC:18189]","ENTREZGENE_ACC"
"54541","DDIT4","DDIT4","DNA damage inducible transcript 4 [Source:HGNC Symbol;Acc:HGNC:24944]","ENTREZGENE_ACC"
"54623","PAF1","PAF1","PAF1 homolog, Paf1/RNA polymerase II complex component [Source:HGNC Symbol;Acc:HGNC:25459]","ENTREZGENE_ACC"
"54733","SLC35F2","SLC35F2","solute carrier family 35 member F2 [Source:HGNC Symbol;Acc:HGNC:23615]","ENTREZGENE_ACC"
"54807","ZNF586","ZNF586","zinc finger protein 586 [Source:HGNC Symbol;Acc:HGNC:25949]","ENTREZGENE_ACC"
"54850","FBXL12","FBXL12","F-box and leucine rich repeat protein 12 [Source:HGNC Symbol;Acc:HGNC:13611]","ENTREZGENE_ACC"
"54881","TEX10","TEX10","testis expressed 10 [Source:HGNC Symbol;Acc:HGNC:25988]","ENTREZGENE_ACC"
"54957","TXNL4B","TXNL4B","thioredoxin like 4B [Source:HGNC Symbol;Acc:HGNC:26041]","ENTREZGENE_ACC"
"55008","HERC6","HERC6","HECT and RLD domain containing E3 ubiquitin protein ligase family member 6 [Source:HGNC Symbol;Acc:HGNC:26072]","ENTREZGENE_ACC"
"55011","PIH1D1","PIH1D1","PIH1 domain containing 1 [Source:HGNC Symbol;Acc:HGNC:26075]","ENTREZGENE_ACC"
"55012","PPP2R3C","PPP2R3C","protein phosphatase 2 regulatory subunit B''gamma [Source:HGNC Symbol;Acc:HGNC:17485]","ENTREZGENE_ACC"
"55033","FKBP14","FKBP14","FKBP prolyl isomerase 14 [Source:HGNC Symbol;Acc:HGNC:18625]","ENTREZGENE_ACC"
"55038","CDCA4","CDCA4","cell division cycle associated 4 [Source:HGNC Symbol;Acc:HGNC:14625]","ENTREZGENE_ACC"
"55111","PLEKHJ1","PLEKHJ1","pleckstrin homology domain containing J1 [Source:HGNC Symbol;Acc:HGNC:18211]","ENTREZGENE_ACC"
"55127","HEATR1","HEATR1","HEAT repeat containing 1 [Source:HGNC Symbol;Acc:HGNC:25517]","ENTREZGENE_ACC"
"55148","UBR7","UBR7","ubiquitin protein ligase E3 component n-recognin 7 [Source:HGNC Symbol;Acc:HGNC:20344]","ENTREZGENE_ACC"
"55179","FAIM","FAIM","Fas apoptotic inhibitory molecule [Source:HGNC Symbol;Acc:HGNC:18703]","ENTREZGENE_ACC"
"55256","ADI1","ADI1","acireductone dioxygenase 1 [Source:HGNC Symbol;Acc:HGNC:30576]","ENTREZGENE_ACC"
"55556","ENOSF1","ENOSF1","enolase superfamily member 1 [Source:HGNC Symbol;Acc:HGNC:30365]","ENTREZGENE_ACC"
"55604","CARMIL1","CARMIL1","capping protein regulator and myosin 1 linker 1 [Source:HGNC Symbol;Acc:HGNC:21581]","ENTREZGENE_ACC"
"55608","ANKRD10","ANKRD10","ankyrin repeat domain 10 [Source:HGNC Symbol;Acc:HGNC:20265]","ENTREZGENE_ACC"
"55748","CNDP2","CNDP2","carnosine dipeptidase 2 [Source:HGNC Symbol;Acc:HGNC:24437]","ENTREZGENE_ACC"
"55793","MINDY1","MINDY1","MINDY lysine 48 deubiquitinase 1 [Source:HGNC Symbol;Acc:HGNC:25648]","ENTREZGENE_ACC"
"55818","KDM3A","KDM3A","lysine demethylase 3A [Source:HGNC Symbol;Acc:HGNC:20815]","ENTREZGENE_ACC"
"55825","PECR","PECR","peroxisomal trans-2-enoyl-CoA reductase [Source:HGNC Symbol;Acc:HGNC:18281]","ENTREZGENE_ACC"
"55837","EAPP","EAPP","E2F associated phosphoprotein [Source:HGNC Symbol;Acc:HGNC:19312]","ENTREZGENE_ACC"
"55847","CISD1","CISD1","CDGSH iron sulfur domain 1 [Source:HGNC Symbol;Acc:HGNC:30880]","ENTREZGENE_ACC"
"55958","KLHL9","KLHL9","kelch like family member 9 [Source:HGNC Symbol;Acc:HGNC:18732]","ENTREZGENE_ACC"
"56889","TM9SF3","TM9SF3","transmembrane 9 superfamily member 3 [Source:HGNC Symbol;Acc:HGNC:21529]","ENTREZGENE_ACC"
"56940","DUSP22","DUSP22","dual specificity phosphatase 22 [Source:HGNC Symbol;Acc:HGNC:16077]","ENTREZGENE_ACC"
"56997","COQ8A","COQ8A","coenzyme Q8A [Source:HGNC Symbol;Acc:HGNC:16812]","ENTREZGENE_ACC"
"57019","CIAPIN1","CIAPIN1","cytokine induced apoptosis inhibitor 1 [Source:HGNC Symbol;Acc:HGNC:28050]","ENTREZGENE_ACC"
"57178","ZMIZ1","ZMIZ1","zinc finger MIZ-type containing 1 [Source:HGNC Symbol;Acc:HGNC:16493]","ENTREZGENE_ACC"
"57192","MCOLN1","MCOLN1","mucolipin 1 [Source:HGNC Symbol;Acc:HGNC:13356]","ENTREZGENE_ACC"
"57406","ABHD6","ABHD6","abhydrolase domain containing 6, acylglycerol lipase [Source:HGNC Symbol;Acc:HGNC:21398]","ENTREZGENE_ACC"
"57761","TRIB3","TRIB3","tribbles pseudokinase 3 [Source:HGNC Symbol;Acc:HGNC:16228]","ENTREZGENE_ACC"
"57804","POLD4","POLD4","DNA polymerase delta 4, accessory subunit [Source:HGNC Symbol;Acc:HGNC:14106]","ENTREZGENE_ACC"
"58472","SQOR","SQOR","sulfide quinone oxidoreductase [Source:HGNC Symbol;Acc:HGNC:20390]","ENTREZGENE_ACC"
"58478","ENOPH1","ENOPH1","enolase-phosphatase 1 [Source:HGNC Symbol;Acc:HGNC:24599]","ENTREZGENE_ACC"
"58497","PRUNE1","PRUNE1","prune exopolyphosphatase 1 [Source:HGNC Symbol;Acc:HGNC:13420]","ENTREZGENE_ACC"
"58533","SNX6","SNX6","sorting nexin 6 [Source:HGNC Symbol;Acc:HGNC:14970]","ENTREZGENE_ACC"
"60493","FASTKD5","FASTKD5","FAST kinase domains 5 [Source:HGNC Symbol;Acc:HGNC:25790]","ENTREZGENE_ACC"
"60528","ELAC2","ELAC2","elaC ribonuclease Z 2 [Source:HGNC Symbol;Acc:HGNC:14198]","ENTREZGENE_ACC"
"63874","ABHD4","ABHD4","abhydrolase domain containing 4, N-acyl phospholipase B [Source:HGNC Symbol;Acc:HGNC:20154]","ENTREZGENE_ACC"
"64080","RBKS","RBKS","ribokinase [Source:HGNC Symbol;Acc:HGNC:30325]","ENTREZGENE_ACC"
"64422","ATG3","ATG3","autophagy related 3 [Source:HGNC Symbol;Acc:HGNC:20962]","ENTREZGENE_ACC"
"64428","CIAO3","CIAO3","cytosolic iron-sulfur assembly component 3 [Source:HGNC Symbol;Acc:HGNC:14179]","ENTREZGENE_ACC"
"64429","ZDHHC6","ZDHHC6","zinc finger DHHC-type palmitoyltransferase 6 [Source:HGNC Symbol;Acc:HGNC:19160]","ENTREZGENE_ACC"
"64746","ACBD3","ACBD3","acyl-CoA binding domain containing 3 [Source:HGNC Symbol;Acc:HGNC:15453]","ENTREZGENE_ACC"
"64781","CERK","CERK","ceramide kinase [Source:HGNC Symbol;Acc:HGNC:19256]","ENTREZGENE_ACC"
"64943","NT5DC2","NT5DC2","5'-nucleotidase domain containing 2 [Source:HGNC Symbol;Acc:HGNC:25717]","ENTREZGENE_ACC"
"65057","ACD","ACD","ACD shelterin complex subunit and telomerase recruitment factor [Source:HGNC Symbol;Acc:HGNC:25070]","ENTREZGENE_ACC"
"66008","TRAK2","TRAK2","trafficking kinesin protein 2 [Source:HGNC Symbol;Acc:HGNC:13206]","ENTREZGENE_ACC"
"79006","METRN","METRN","meteorin, glial cell differentiation regulator [Source:HGNC Symbol;Acc:HGNC:14151]","ENTREZGENE_ACC"
"79073","TMEM109","TMEM109","transmembrane protein 109 [Source:HGNC Symbol;Acc:HGNC:28771]","ENTREZGENE_ACC"
"79080","CCDC86","CCDC86","coiled-coil domain containing 86 [Source:HGNC Symbol;Acc:HGNC:28359]","ENTREZGENE_ACC"
"79090","TRAPPC6A","TRAPPC6A","trafficking protein particle complex 6A [Source:HGNC Symbol;Acc:HGNC:23069]","ENTREZGENE_ACC"
"79094","CHAC1","CHAC1","ChaC glutathione specific gamma-glutamylcyclotransferase 1 [Source:HGNC Symbol;Acc:HGNC:28680]","ENTREZGENE_ACC"
"79143","MBOAT7","MBOAT7","membrane bound O-acyltransferase domain containing 7 [Source:HGNC Symbol;Acc:HGNC:15505]","ENTREZGENE_ACC"
"79187","FSD1","FSD1","fibronectin type III and SPRY domain containing 1 [Source:HGNC Symbol;Acc:HGNC:13745]","ENTREZGENE_ACC"
"79600","TCTN1","TCTN1","tectonic family member 1 [Source:HGNC Symbol;Acc:HGNC:26113]","ENTREZGENE_ACC"
"79643","CHMP6","CHMP6","charged multivesicular body protein 6 [Source:HGNC Symbol;Acc:HGNC:25675]","ENTREZGENE_ACC"
"79716","NPEPL1","NPEPL1","aminopeptidase like 1 [Source:HGNC Symbol;Acc:HGNC:16244]","ENTREZGENE_ACC"
"79850","TLCD3A","TLCD3A","TLC domain containing 3A [Source:HGNC Symbol;Acc:HGNC:29646]","ENTREZGENE_ACC"
"79921","TCEAL4","TCEAL4","transcription elongation factor A like 4 [Source:HGNC Symbol;Acc:HGNC:26121]","ENTREZGENE_ACC"
"79947","DHDDS","DHDDS","dehydrodolichyl diphosphate synthase subunit [Source:HGNC Symbol;Acc:HGNC:20603]","ENTREZGENE_ACC"
"80347","COASY","COASY","Coenzyme A synthase [Source:HGNC Symbol;Acc:HGNC:29932]","ENTREZGENE_ACC"
"80746","TSEN2","TSEN2","tRNA splicing endonuclease subunit 2 [Source:HGNC Symbol;Acc:HGNC:28422]","ENTREZGENE_ACC"
"80758","PRR7","PRR7","proline rich 7, synaptic [Source:HGNC Symbol;Acc:HGNC:28130]","ENTREZGENE_ACC"
"81533","ITFG1","ITFG1","integrin alpha FG-GAP repeat containing 1 [Source:HGNC Symbol;Acc:HGNC:30697]","ENTREZGENE_ACC"
"83743","GRWD1","GRWD1","glutamate rich WD repeat containing 1 [Source:HGNC Symbol;Acc:HGNC:21270]","ENTREZGENE_ACC"
"84159","ARID5B","ARID5B","AT-rich interaction domain 5B [Source:HGNC Symbol;Acc:HGNC:17362]","ENTREZGENE_ACC"
"84617","TUBB6","TUBB6","tubulin beta 6 class V [Source:HGNC Symbol;Acc:HGNC:20776]","ENTREZGENE_ACC"
"84722","PSRC1","PSRC1","proline and serine rich coiled-coil 1 [Source:HGNC Symbol;Acc:HGNC:24472]","ENTREZGENE_ACC"
"84890","ADO","ADO","2-aminoethanethiol dioxygenase [Source:HGNC Symbol;Acc:HGNC:23506]","ENTREZGENE_ACC"
"85236","H2BC12","H2BC12","H2B clustered histone 12 [Source:HGNC Symbol;Acc:HGNC:13954]","ENTREZGENE_ACC"
"89910","UBE3B","UBE3B","ubiquitin protein ligase E3B [Source:HGNC Symbol;Acc:HGNC:13478]","ENTREZGENE_ACC"
"91949","COG7","COG7","component of oligomeric golgi complex 7 [Source:HGNC Symbol;Acc:HGNC:18622]","ENTREZGENE_ACC"
"93594","TBC1D31","TBC1D31","TBC1 domain family member 31 [Source:HGNC Symbol;Acc:HGNC:30888]","ENTREZGENE_ACC"
"116832","RPL39L","RPL39L","ribosomal protein L39 like [Source:HGNC Symbol;Acc:HGNC:17094]","ENTREZGENE_ACC"
"148022","TICAM1","TICAM1","toll like receptor adaptor molecule 1 [Source:HGNC Symbol;Acc:HGNC:18348]","ENTREZGENE_ACC"
"200734","SPRED2","SPRED2","sprouty related EVH1 domain containing 2 [Source:HGNC Symbol;Acc:HGNC:17722]","ENTREZGENE_ACC"
"256364","EML3","EML3","EMAP like 3 [Source:HGNC Symbol;Acc:HGNC:26666]","ENTREZGENE_ACC"
"388650","DIPK1A","DIPK1A","divergent protein kinase domain 1A [Source:HGNC Symbol;Acc:HGNC:32213]","ENTREZGENE_ACC"